;,2019 CEC Non-Residential 15 yr Electric Demand Hourly Multipliers,,
;,Source:,,"Elec Demand Factors (col S) of 2019CalBldEffStdTDV7-20-16wDFgen.xlsx, Elec Non-Res (15 Year) tab"
;,Last modified:,,RLH - 2016-09-23
;,,,
;,Demand,,
;,Factor,,
; MoDaHr,(mult),,
10101,0,,
10102,0,,
10103,0,,
10104,0,,
10105,0,,
10106,0,,
10107,0,,
10108,0,,
10109,0,,
10110,0,,
10111,0,,
10112,0,,
10113,0,,
10114,0,,
10115,0,,
10116,0,,
10117,0,,
10118,0,,
10119,0,,
10120,0,,
10121,0,,
10122,0,,
10123,0,,
10124,0,,
10201,0,,
10202,0,,
10203,0,,
10204,0,,
10205,0,,
10206,0,,
10207,0,,
10208,0,,
10209,0,,
10210,0,,
10211,0,,
10212,0,,
10213,0,,
10214,0,,
10215,0,,
10216,0,,
10217,0,,
10218,0,,
10219,0,,
10220,0,,
10221,0,,
10222,0,,
10223,0,,
10224,0,,
10301,0,,
10302,0,,
10303,0,,
10304,0,,
10305,0,,
10306,0,,
10307,0,,
10308,0,,
10309,0,,
10310,0,,
10311,0,,
10312,0,,
10313,0,,
10314,0,,
10315,0,,
10316,0,,
10317,0,,
10318,0,,
10319,0,,
10320,0,,
10321,0,,
10322,0,,
10323,0,,
10324,0,,
10401,0,,
10402,0,,
10403,0,,
10404,0,,
10405,0,,
10406,0,,
10407,0,,
10408,0,,
10409,0,,
10410,0,,
10411,0,,
10412,0,,
10413,0,,
10414,0,,
10415,0,,
10416,0,,
10417,0,,
10418,0,,
10419,0,,
10420,0,,
10421,0,,
10422,0,,
10423,0,,
10424,0,,
10501,0,,
10502,0,,
10503,0,,
10504,0,,
10505,0,,
10506,0,,
10507,0,,
10508,0,,
10509,0,,
10510,0,,
10511,0,,
10512,0,,
10513,0,,
10514,0,,
10515,0,,
10516,0,,
10517,0,,
10518,0,,
10519,0,,
10520,0,,
10521,0,,
10522,0,,
10523,0,,
10524,0,,
10601,0,,
10602,0,,
10603,0,,
10604,0,,
10605,0,,
10606,0,,
10607,0,,
10608,0,,
10609,0,,
10610,0,,
10611,0,,
10612,0,,
10613,0,,
10614,0,,
10615,0,,
10616,0,,
10617,0,,
10618,0,,
10619,0,,
10620,0,,
10621,0,,
10622,0,,
10623,0,,
10624,0,,
10701,0,,
10702,0,,
10703,0,,
10704,0,,
10705,0,,
10706,0,,
10707,0,,
10708,0,,
10709,0,,
10710,0,,
10711,0,,
10712,0,,
10713,0,,
10714,0,,
10715,0,,
10716,0,,
10717,0,,
10718,0,,
10719,0,,
10720,0,,
10721,0,,
10722,0,,
10723,0,,
10724,0,,
10801,0,,
10802,0,,
10803,0,,
10804,0,,
10805,0,,
10806,0,,
10807,0,,
10808,0,,
10809,0,,
10810,0,,
10811,0,,
10812,0,,
10813,0,,
10814,0,,
10815,0,,
10816,0,,
10817,0,,
10818,0,,
10819,0,,
10820,0,,
10821,0,,
10822,0,,
10823,0,,
10824,0,,
10901,0,,
10902,0,,
10903,0,,
10904,0,,
10905,0,,
10906,0,,
10907,0,,
10908,0,,
10909,0,,
10910,0,,
10911,0,,
10912,0,,
10913,0,,
10914,0,,
10915,0,,
10916,0,,
10917,0,,
10918,0,,
10919,0,,
10920,0,,
10921,0,,
10922,0,,
10923,0,,
10924,0,,
11001,0,,
11002,0,,
11003,0,,
11004,0,,
11005,0,,
11006,0,,
11007,0,,
11008,0,,
11009,0,,
11010,0,,
11011,0,,
11012,0,,
11013,0,,
11014,0,,
11015,0,,
11016,0,,
11017,0,,
11018,0,,
11019,0,,
11020,0,,
11021,0,,
11022,0,,
11023,0,,
11024,0,,
11101,0,,
11102,0,,
11103,0,,
11104,0,,
11105,0,,
11106,0,,
11107,0,,
11108,0,,
11109,0,,
11110,0,,
11111,0,,
11112,0,,
11113,0,,
11114,0,,
11115,0,,
11116,0,,
11117,0,,
11118,0,,
11119,0,,
11120,0,,
11121,0,,
11122,0,,
11123,0,,
11124,0,,
11201,0,,
11202,0,,
11203,0,,
11204,0,,
11205,0,,
11206,0,,
11207,0,,
11208,0,,
11209,0,,
11210,0,,
11211,0,,
11212,0,,
11213,0,,
11214,0,,
11215,0,,
11216,0,,
11217,0,,
11218,0,,
11219,0,,
11220,0,,
11221,0,,
11222,0,,
11223,0,,
11224,0,,
11301,0,,
11302,0,,
11303,0,,
11304,0,,
11305,0,,
11306,0,,
11307,0,,
11308,0,,
11309,0,,
11310,0,,
11311,0,,
11312,0,,
11313,0,,
11314,0,,
11315,0,,
11316,0,,
11317,0,,
11318,0,,
11319,0,,
11320,0,,
11321,0,,
11322,0,,
11323,0,,
11324,0,,
11401,0,,
11402,0,,
11403,0,,
11404,0,,
11405,0,,
11406,0,,
11407,0,,
11408,0,,
11409,0,,
11410,0,,
11411,0,,
11412,0,,
11413,0,,
11414,0,,
11415,0,,
11416,0,,
11417,0,,
11418,0,,
11419,0,,
11420,0,,
11421,0,,
11422,0,,
11423,0,,
11424,0,,
11501,0,,
11502,0,,
11503,0,,
11504,0,,
11505,0,,
11506,0,,
11507,0,,
11508,0,,
11509,0,,
11510,0,,
11511,0,,
11512,0,,
11513,0,,
11514,0,,
11515,0,,
11516,0,,
11517,0,,
11518,0,,
11519,0,,
11520,0,,
11521,0,,
11522,0,,
11523,0,,
11524,0,,
11601,0,,
11602,0,,
11603,0,,
11604,0,,
11605,0,,
11606,0,,
11607,0,,
11608,0,,
11609,0,,
11610,0,,
11611,0,,
11612,0,,
11613,0,,
11614,0,,
11615,0,,
11616,0,,
11617,0,,
11618,0,,
11619,0,,
11620,0,,
11621,0,,
11622,0,,
11623,0,,
11624,0,,
11701,0,,
11702,0,,
11703,0,,
11704,0,,
11705,0,,
11706,0,,
11707,0,,
11708,0,,
11709,0,,
11710,0,,
11711,0,,
11712,0,,
11713,0,,
11714,0,,
11715,0,,
11716,0,,
11717,0,,
11718,0,,
11719,0,,
11720,0,,
11721,0,,
11722,0,,
11723,0,,
11724,0,,
11801,0,,
11802,0,,
11803,0,,
11804,0,,
11805,0,,
11806,0,,
11807,0,,
11808,0,,
11809,0,,
11810,0,,
11811,0,,
11812,0,,
11813,0,,
11814,0,,
11815,0,,
11816,0,,
11817,0,,
11818,0,,
11819,0,,
11820,0,,
11821,0,,
11822,0,,
11823,0,,
11824,0,,
11901,0,,
11902,0,,
11903,0,,
11904,0,,
11905,0,,
11906,0,,
11907,0,,
11908,0,,
11909,0,,
11910,0,,
11911,0,,
11912,0,,
11913,0,,
11914,0,,
11915,0,,
11916,0,,
11917,0,,
11918,0,,
11919,0,,
11920,0,,
11921,0,,
11922,0,,
11923,0,,
11924,0,,
12001,0,,
12002,0,,
12003,0,,
12004,0,,
12005,0,,
12006,0,,
12007,0,,
12008,0,,
12009,0,,
12010,0,,
12011,0,,
12012,0,,
12013,0,,
12014,0,,
12015,0,,
12016,0,,
12017,0,,
12018,0,,
12019,0,,
12020,0,,
12021,0,,
12022,0,,
12023,0,,
12024,0,,
12101,0,,
12102,0,,
12103,0,,
12104,0,,
12105,0,,
12106,0,,
12107,0,,
12108,0,,
12109,0,,
12110,0,,
12111,0,,
12112,0,,
12113,0,,
12114,0,,
12115,0,,
12116,0,,
12117,0,,
12118,0,,
12119,0,,
12120,0,,
12121,0,,
12122,0,,
12123,0,,
12124,0,,
12201,0,,
12202,0,,
12203,0,,
12204,0,,
12205,0,,
12206,0,,
12207,0,,
12208,0,,
12209,0,,
12210,0,,
12211,0,,
12212,0,,
12213,0,,
12214,0,,
12215,0,,
12216,0,,
12217,0,,
12218,0,,
12219,0,,
12220,0,,
12221,0,,
12222,0,,
12223,0,,
12224,0,,
12301,0,,
12302,0,,
12303,0,,
12304,0,,
12305,0,,
12306,0,,
12307,0,,
12308,0,,
12309,0,,
12310,0,,
12311,0,,
12312,0,,
12313,0,,
12314,0,,
12315,0,,
12316,0,,
12317,0,,
12318,0,,
12319,0,,
12320,0,,
12321,0,,
12322,0,,
12323,0,,
12324,0,,
12401,0,,
12402,0,,
12403,0,,
12404,0,,
12405,0,,
12406,0,,
12407,0,,
12408,0,,
12409,0,,
12410,0,,
12411,0,,
12412,0,,
12413,0,,
12414,0,,
12415,0,,
12416,0,,
12417,0,,
12418,0,,
12419,0,,
12420,0,,
12421,0,,
12422,0,,
12423,0,,
12424,0,,
12501,0,,
12502,0,,
12503,0,,
12504,0,,
12505,0,,
12506,0,,
12507,0,,
12508,0,,
12509,0,,
12510,0,,
12511,0,,
12512,0,,
12513,0,,
12514,0,,
12515,0,,
12516,0,,
12517,0,,
12518,0,,
12519,0,,
12520,0,,
12521,0,,
12522,0,,
12523,0,,
12524,0,,
12601,0,,
12602,0,,
12603,0,,
12604,0,,
12605,0,,
12606,0,,
12607,0,,
12608,0,,
12609,0,,
12610,0,,
12611,0,,
12612,0,,
12613,0,,
12614,0,,
12615,0,,
12616,0,,
12617,0,,
12618,0,,
12619,0,,
12620,0,,
12621,0,,
12622,0,,
12623,0,,
12624,0,,
12701,0,,
12702,0,,
12703,0,,
12704,0,,
12705,0,,
12706,0,,
12707,0,,
12708,0,,
12709,0,,
12710,0,,
12711,0,,
12712,0,,
12713,0,,
12714,0,,
12715,0,,
12716,0,,
12717,0,,
12718,0,,
12719,0,,
12720,0,,
12721,0,,
12722,0,,
12723,0,,
12724,0,,
12801,0,,
12802,0,,
12803,0,,
12804,0,,
12805,0,,
12806,0,,
12807,0,,
12808,0,,
12809,0,,
12810,0,,
12811,0,,
12812,0,,
12813,0,,
12814,0,,
12815,0,,
12816,0,,
12817,0,,
12818,0,,
12819,0,,
12820,0,,
12821,0,,
12822,0,,
12823,0,,
12824,0,,
12901,0,,
12902,0,,
12903,0,,
12904,0,,
12905,0,,
12906,0,,
12907,0,,
12908,0,,
12909,0,,
12910,0,,
12911,0,,
12912,0,,
12913,0,,
12914,0,,
12915,0,,
12916,0,,
12917,0,,
12918,0,,
12919,0,,
12920,0,,
12921,0,,
12922,0,,
12923,0,,
12924,0,,
13001,0,,
13002,0,,
13003,0,,
13004,0,,
13005,0,,
13006,0,,
13007,0,,
13008,0,,
13009,0,,
13010,0,,
13011,0,,
13012,0,,
13013,0,,
13014,0,,
13015,0,,
13016,0,,
13017,0,,
13018,0,,
13019,0,,
13020,0,,
13021,0,,
13022,0,,
13023,0,,
13024,0,,
13101,0,,
13102,0,,
13103,0,,
13104,0,,
13105,0,,
13106,0,,
13107,0,,
13108,0,,
13109,0,,
13110,0,,
13111,0,,
13112,0,,
13113,0,,
13114,0,,
13115,0,,
13116,0,,
13117,0,,
13118,0,,
13119,0,,
13120,0,,
13121,0,,
13122,0,,
13123,0,,
13124,0,,
20101,0,,
20102,0,,
20103,0,,
20104,0,,
20105,0,,
20106,0,,
20107,0,,
20108,0,,
20109,0,,
20110,0,,
20111,0,,
20112,0,,
20113,0,,
20114,0,,
20115,0,,
20116,0,,
20117,0,,
20118,0,,
20119,0,,
20120,0,,
20121,0,,
20122,0,,
20123,0,,
20124,0,,
20201,0,,
20202,0,,
20203,0,,
20204,0,,
20205,0,,
20206,0,,
20207,0,,
20208,0,,
20209,0,,
20210,0,,
20211,0,,
20212,0,,
20213,0,,
20214,0,,
20215,0,,
20216,0,,
20217,0,,
20218,0,,
20219,0,,
20220,0,,
20221,0,,
20222,0,,
20223,0,,
20224,0,,
20301,0,,
20302,0,,
20303,0,,
20304,0,,
20305,0,,
20306,0,,
20307,0,,
20308,0,,
20309,0,,
20310,0,,
20311,0,,
20312,0,,
20313,0,,
20314,0,,
20315,0,,
20316,0,,
20317,0,,
20318,0,,
20319,0,,
20320,0,,
20321,0,,
20322,0,,
20323,0,,
20324,0,,
20401,0,,
20402,0,,
20403,0,,
20404,0,,
20405,0,,
20406,0,,
20407,0,,
20408,0,,
20409,0,,
20410,0,,
20411,0,,
20412,0,,
20413,0,,
20414,0,,
20415,0,,
20416,0,,
20417,0,,
20418,0,,
20419,0,,
20420,0,,
20421,0,,
20422,0,,
20423,0,,
20424,0,,
20501,0,,
20502,0,,
20503,0,,
20504,0,,
20505,0,,
20506,0,,
20507,0,,
20508,0,,
20509,0,,
20510,0,,
20511,0,,
20512,0,,
20513,0,,
20514,0,,
20515,0,,
20516,0,,
20517,0,,
20518,0,,
20519,0,,
20520,0,,
20521,0,,
20522,0,,
20523,0,,
20524,0,,
20601,0,,
20602,0,,
20603,0,,
20604,0,,
20605,0,,
20606,0,,
20607,0,,
20608,0,,
20609,0,,
20610,0,,
20611,0,,
20612,0,,
20613,0,,
20614,0,,
20615,0,,
20616,0,,
20617,0,,
20618,0,,
20619,0,,
20620,0,,
20621,0,,
20622,0,,
20623,0,,
20624,0,,
20701,0,,
20702,0,,
20703,0,,
20704,0,,
20705,0,,
20706,0,,
20707,0,,
20708,0,,
20709,0,,
20710,0,,
20711,0,,
20712,0,,
20713,0,,
20714,0,,
20715,0,,
20716,0,,
20717,0,,
20718,0,,
20719,0,,
20720,0,,
20721,0,,
20722,0,,
20723,0,,
20724,0,,
20801,0,,
20802,0,,
20803,0,,
20804,0,,
20805,0,,
20806,0,,
20807,0,,
20808,0,,
20809,0,,
20810,0,,
20811,0,,
20812,0,,
20813,0,,
20814,0,,
20815,0,,
20816,0,,
20817,0,,
20818,0,,
20819,0,,
20820,0,,
20821,0,,
20822,0,,
20823,0,,
20824,0,,
20901,0,,
20902,0,,
20903,0,,
20904,0,,
20905,0,,
20906,0,,
20907,0,,
20908,0,,
20909,0,,
20910,0,,
20911,0,,
20912,0,,
20913,0,,
20914,0,,
20915,0,,
20916,0,,
20917,0,,
20918,0,,
20919,0,,
20920,0,,
20921,0,,
20922,0,,
20923,0,,
20924,0,,
21001,0,,
21002,0,,
21003,0,,
21004,0,,
21005,0,,
21006,0,,
21007,0,,
21008,0,,
21009,0,,
21010,0,,
21011,0,,
21012,0,,
21013,0,,
21014,0,,
21015,0,,
21016,0,,
21017,0,,
21018,0,,
21019,0,,
21020,0,,
21021,0,,
21022,0,,
21023,0,,
21024,0,,
21101,0,,
21102,0,,
21103,0,,
21104,0,,
21105,0,,
21106,0,,
21107,0,,
21108,0,,
21109,0,,
21110,0,,
21111,0,,
21112,0,,
21113,0,,
21114,0,,
21115,0,,
21116,0,,
21117,0,,
21118,0,,
21119,0,,
21120,0,,
21121,0,,
21122,0,,
21123,0,,
21124,0,,
21201,0,,
21202,0,,
21203,0,,
21204,0,,
21205,0,,
21206,0,,
21207,0,,
21208,0,,
21209,0,,
21210,0,,
21211,0,,
21212,0,,
21213,0,,
21214,0,,
21215,0,,
21216,0,,
21217,0,,
21218,0,,
21219,0,,
21220,0,,
21221,0,,
21222,0,,
21223,0,,
21224,0,,
21301,0,,
21302,0,,
21303,0,,
21304,0,,
21305,0,,
21306,0,,
21307,0,,
21308,0,,
21309,0,,
21310,0,,
21311,0,,
21312,0,,
21313,0,,
21314,0,,
21315,0,,
21316,0,,
21317,0,,
21318,0,,
21319,0,,
21320,0,,
21321,0,,
21322,0,,
21323,0,,
21324,0,,
21401,0,,
21402,0,,
21403,0,,
21404,0,,
21405,0,,
21406,0,,
21407,0,,
21408,0,,
21409,0,,
21410,0,,
21411,0,,
21412,0,,
21413,0,,
21414,0,,
21415,0,,
21416,0,,
21417,0,,
21418,0,,
21419,0,,
21420,0,,
21421,0,,
21422,0,,
21423,0,,
21424,0,,
21501,0,,
21502,0,,
21503,0,,
21504,0,,
21505,0,,
21506,0,,
21507,0,,
21508,0,,
21509,0,,
21510,0,,
21511,0,,
21512,0,,
21513,0,,
21514,0,,
21515,0,,
21516,0,,
21517,0,,
21518,0,,
21519,0,,
21520,0,,
21521,0,,
21522,0,,
21523,0,,
21524,0,,
21601,0,,
21602,0,,
21603,0,,
21604,0,,
21605,0,,
21606,0,,
21607,0,,
21608,0,,
21609,0,,
21610,0,,
21611,0,,
21612,0,,
21613,0,,
21614,0,,
21615,0,,
21616,0,,
21617,0,,
21618,0,,
21619,0,,
21620,0,,
21621,0,,
21622,0,,
21623,0,,
21624,0,,
21701,0,,
21702,0,,
21703,0,,
21704,0,,
21705,0,,
21706,0,,
21707,0,,
21708,0,,
21709,0,,
21710,0,,
21711,0,,
21712,0,,
21713,0,,
21714,0,,
21715,0,,
21716,0,,
21717,0,,
21718,0,,
21719,0,,
21720,0,,
21721,0,,
21722,0,,
21723,0,,
21724,0,,
21801,0,,
21802,0,,
21803,0,,
21804,0,,
21805,0,,
21806,0,,
21807,0,,
21808,0,,
21809,0,,
21810,0,,
21811,0,,
21812,0,,
21813,0,,
21814,0,,
21815,0,,
21816,0,,
21817,0,,
21818,0,,
21819,0,,
21820,0,,
21821,0,,
21822,0,,
21823,0,,
21824,0,,
21901,0,,
21902,0,,
21903,0,,
21904,0,,
21905,0,,
21906,0,,
21907,0,,
21908,0,,
21909,0,,
21910,0,,
21911,0,,
21912,0,,
21913,0,,
21914,0,,
21915,0,,
21916,0,,
21917,0,,
21918,0,,
21919,0,,
21920,0,,
21921,0,,
21922,0,,
21923,0,,
21924,0,,
22001,0,,
22002,0,,
22003,0,,
22004,0,,
22005,0,,
22006,0,,
22007,0,,
22008,0,,
22009,0,,
22010,0,,
22011,0,,
22012,0,,
22013,0,,
22014,0,,
22015,0,,
22016,0,,
22017,0,,
22018,0,,
22019,0,,
22020,0,,
22021,0,,
22022,0,,
22023,0,,
22024,0,,
22101,0,,
22102,0,,
22103,0,,
22104,0,,
22105,0,,
22106,0,,
22107,0,,
22108,0,,
22109,0,,
22110,0,,
22111,0,,
22112,0,,
22113,0,,
22114,0,,
22115,0,,
22116,0,,
22117,0,,
22118,0,,
22119,0,,
22120,0,,
22121,0,,
22122,0,,
22123,0,,
22124,0,,
22201,0,,
22202,0,,
22203,0,,
22204,0,,
22205,0,,
22206,0,,
22207,0,,
22208,0,,
22209,0,,
22210,0,,
22211,0,,
22212,0,,
22213,0,,
22214,0,,
22215,0,,
22216,0,,
22217,0,,
22218,0,,
22219,0,,
22220,0,,
22221,0,,
22222,0,,
22223,0,,
22224,0,,
22301,0,,
22302,0,,
22303,0,,
22304,0,,
22305,0,,
22306,0,,
22307,0,,
22308,0,,
22309,0,,
22310,0,,
22311,0,,
22312,0,,
22313,0,,
22314,0,,
22315,0,,
22316,0,,
22317,0,,
22318,0,,
22319,0,,
22320,0,,
22321,0,,
22322,0,,
22323,0,,
22324,0,,
22401,0,,
22402,0,,
22403,0,,
22404,0,,
22405,0,,
22406,0,,
22407,0,,
22408,0,,
22409,0,,
22410,0,,
22411,0,,
22412,0,,
22413,0,,
22414,0,,
22415,0,,
22416,0,,
22417,0,,
22418,0,,
22419,0,,
22420,0,,
22421,0,,
22422,0,,
22423,0,,
22424,0,,
22501,0,,
22502,0,,
22503,0,,
22504,0,,
22505,0,,
22506,0,,
22507,0,,
22508,0,,
22509,0,,
22510,0,,
22511,0,,
22512,0,,
22513,0,,
22514,0,,
22515,0,,
22516,0,,
22517,0,,
22518,0,,
22519,0,,
22520,0,,
22521,0,,
22522,0,,
22523,0,,
22524,0,,
22601,0,,
22602,0,,
22603,0,,
22604,0,,
22605,0,,
22606,0,,
22607,0,,
22608,0,,
22609,0,,
22610,0,,
22611,0,,
22612,0,,
22613,0,,
22614,0,,
22615,0,,
22616,0,,
22617,0,,
22618,0,,
22619,0,,
22620,0,,
22621,0,,
22622,0,,
22623,0,,
22624,0,,
22701,0,,
22702,0,,
22703,0,,
22704,0,,
22705,0,,
22706,0,,
22707,0,,
22708,0,,
22709,0,,
22710,0,,
22711,0,,
22712,0,,
22713,0,,
22714,0,,
22715,0,,
22716,0,,
22717,0,,
22718,0,,
22719,0,,
22720,0,,
22721,0,,
22722,0,,
22723,0,,
22724,0,,
22801,0,,
22802,0,,
22803,0,,
22804,0,,
22805,0,,
22806,0,,
22807,0,,
22808,0,,
22809,0,,
22810,0,,
22811,0,,
22812,0,,
22813,0,,
22814,0,,
22815,0,,
22816,0,,
22817,0,,
22818,0,,
22819,0,,
22820,0,,
22821,0,,
22822,0,,
22823,0,,
22824,0,,
30101,0,,
30102,0,,
30103,0,,
30104,0,,
30105,0,,
30106,0,,
30107,0,,
30108,0,,
30109,0,,
30110,0,,
30111,0,,
30112,0,,
30113,0,,
30114,0,,
30115,0,,
30116,0,,
30117,0,,
30118,0,,
30119,0,,
30120,0,,
30121,0,,
30122,0,,
30123,0,,
30124,0,,
30201,0,,
30202,0,,
30203,0,,
30204,0,,
30205,0,,
30206,0,,
30207,0,,
30208,0,,
30209,0,,
30210,0,,
30211,0,,
30212,0,,
30213,0,,
30214,0,,
30215,0,,
30216,0,,
30217,0,,
30218,0,,
30219,0,,
30220,0,,
30221,0,,
30222,0,,
30223,0,,
30224,0,,
30301,0,,
30302,0,,
30303,0,,
30304,0,,
30305,0,,
30306,0,,
30307,0,,
30308,0,,
30309,0,,
30310,0,,
30311,0,,
30312,0,,
30313,0,,
30314,0,,
30315,0,,
30316,0,,
30317,0,,
30318,0,,
30319,0,,
30320,0,,
30321,0,,
30322,0,,
30323,0,,
30324,0,,
30401,0,,
30402,0,,
30403,0,,
30404,0,,
30405,0,,
30406,0,,
30407,0,,
30408,0,,
30409,0,,
30410,0,,
30411,0,,
30412,0,,
30413,0,,
30414,0,,
30415,0,,
30416,0,,
30417,0,,
30418,0,,
30419,0,,
30420,0,,
30421,0,,
30422,0,,
30423,0,,
30424,0,,
30501,0,,
30502,0,,
30503,0,,
30504,0,,
30505,0,,
30506,0,,
30507,0,,
30508,0,,
30509,0,,
30510,0,,
30511,0,,
30512,0,,
30513,0,,
30514,0,,
30515,0,,
30516,0,,
30517,0,,
30518,0,,
30519,0,,
30520,0,,
30521,0,,
30522,0,,
30523,0,,
30524,0,,
30601,0,,
30602,0,,
30603,0,,
30604,0,,
30605,0,,
30606,0,,
30607,0,,
30608,0,,
30609,0,,
30610,0,,
30611,0,,
30612,0,,
30613,0,,
30614,0,,
30615,0,,
30616,0,,
30617,0,,
30618,0,,
30619,0,,
30620,0,,
30621,0,,
30622,0,,
30623,0,,
30624,0,,
30701,0,,
30702,0,,
30703,0,,
30704,0,,
30705,0,,
30706,0,,
30707,0,,
30708,0,,
30709,0,,
30710,0,,
30711,0,,
30712,0,,
30713,0,,
30714,0,,
30715,0,,
30716,0,,
30717,0,,
30718,0,,
30719,0,,
30720,0,,
30721,0,,
30722,0,,
30723,0,,
30724,0,,
30801,0,,
30802,0,,
30803,0,,
30804,0,,
30805,0,,
30806,0,,
30807,0,,
30808,0,,
30809,0,,
30810,0,,
30811,0,,
30812,0,,
30813,0,,
30814,0,,
30815,0,,
30816,0,,
30817,0,,
30818,0,,
30819,0,,
30820,0,,
30821,0,,
30822,0,,
30823,0,,
30824,0,,
30901,0,,
30902,0,,
30903,0,,
30904,0,,
30905,0,,
30906,0,,
30907,0,,
30908,0,,
30909,0,,
30910,0,,
30911,0,,
30912,0,,
30913,0,,
30914,0,,
30915,0,,
30916,0,,
30917,0,,
30918,0,,
30919,0,,
30920,0,,
30921,0,,
30922,0,,
30923,0,,
30924,0,,
31001,0,,
31002,0,,
31003,0,,
31004,0,,
31005,0,,
31006,0,,
31007,0,,
31008,0,,
31009,0,,
31010,0,,
31011,0,,
31012,0,,
31013,0,,
31014,0,,
31015,0,,
31016,0,,
31017,0,,
31018,0,,
31019,0,,
31020,0,,
31021,0,,
31022,0,,
31023,0,,
31024,0,,
31101,0,,
31102,0,,
31103,0,,
31104,0,,
31105,0,,
31106,0,,
31107,0,,
31108,0,,
31109,0,,
31110,0,,
31111,0,,
31112,0,,
31113,0,,
31114,0,,
31115,0,,
31116,0,,
31117,0,,
31118,0,,
31119,0,,
31120,0,,
31121,0,,
31122,0,,
31123,0,,
31124,0,,
31201,0,,
31202,0,,
31203,0,,
31204,0,,
31205,0,,
31206,0,,
31207,0,,
31208,0,,
31209,0,,
31210,0,,
31211,0,,
31212,0,,
31213,0,,
31214,0,,
31215,0,,
31216,0,,
31217,0,,
31218,0,,
31219,0,,
31220,0,,
31221,0,,
31222,0,,
31223,0,,
31224,0,,
31301,0,,
31302,0,,
31303,0,,
31304,0,,
31305,0,,
31306,0,,
31307,0,,
31308,0,,
31309,0,,
31310,0,,
31311,0,,
31312,0,,
31313,0,,
31314,0,,
31315,0,,
31316,0,,
31317,0,,
31318,0,,
31319,0,,
31320,0,,
31321,0,,
31322,0,,
31323,0,,
31324,0,,
31401,0,,
31402,0,,
31403,0,,
31404,0,,
31405,0,,
31406,0,,
31407,0,,
31408,0,,
31409,0,,
31410,0,,
31411,0,,
31412,0,,
31413,0,,
31414,0,,
31415,0,,
31416,0,,
31417,0,,
31418,0,,
31419,0,,
31420,0,,
31421,0,,
31422,0,,
31423,0,,
31424,0,,
31501,0,,
31502,0,,
31503,0,,
31504,0,,
31505,0,,
31506,0,,
31507,0,,
31508,0,,
31509,0,,
31510,0,,
31511,0,,
31512,0,,
31513,0,,
31514,0,,
31515,0,,
31516,0,,
31517,0,,
31518,0,,
31519,0,,
31520,0,,
31521,0,,
31522,0,,
31523,0,,
31524,0,,
31601,0,,
31602,0,,
31603,0,,
31604,0,,
31605,0,,
31606,0,,
31607,0,,
31608,0,,
31609,0,,
31610,0,,
31611,0,,
31612,0,,
31613,0,,
31614,0,,
31615,0,,
31616,0,,
31617,0,,
31618,0,,
31619,0,,
31620,0,,
31621,0,,
31622,0,,
31623,0,,
31624,0,,
31701,0,,
31702,0,,
31703,0,,
31704,0,,
31705,0,,
31706,0,,
31707,0,,
31708,0,,
31709,0,,
31710,0,,
31711,0,,
31712,0,,
31713,0,,
31714,0,,
31715,0,,
31716,0,,
31717,0,,
31718,0,,
31719,0,,
31720,0,,
31721,0,,
31722,0,,
31723,0,,
31724,0,,
31801,0,,
31802,0,,
31803,0,,
31804,0,,
31805,0,,
31806,0,,
31807,0,,
31808,0,,
31809,0,,
31810,0,,
31811,0,,
31812,0,,
31813,0,,
31814,0,,
31815,0,,
31816,0,,
31817,0,,
31818,0,,
31819,0,,
31820,0,,
31821,0,,
31822,0,,
31823,0,,
31824,0,,
31901,0,,
31902,0,,
31903,0,,
31904,0,,
31905,0,,
31906,0,,
31907,0,,
31908,0,,
31909,0,,
31910,0,,
31911,0,,
31912,0,,
31913,0,,
31914,0,,
31915,0,,
31916,0,,
31917,0,,
31918,0,,
31919,0,,
31920,0,,
31921,0,,
31922,0,,
31923,0,,
31924,0,,
32001,0,,
32002,0,,
32003,0,,
32004,0,,
32005,0,,
32006,0,,
32007,0,,
32008,0,,
32009,0,,
32010,0,,
32011,0,,
32012,0,,
32013,0,,
32014,0,,
32015,0,,
32016,0,,
32017,0,,
32018,0,,
32019,0,,
32020,0,,
32021,0,,
32022,0,,
32023,0,,
32024,0,,
32101,0,,
32102,0,,
32103,0,,
32104,0,,
32105,0,,
32106,0,,
32107,0,,
32108,0,,
32109,0,,
32110,0,,
32111,0,,
32112,0,,
32113,0,,
32114,0,,
32115,0,,
32116,0,,
32117,0,,
32118,0,,
32119,0,,
32120,0,,
32121,0,,
32122,0,,
32123,0,,
32124,0,,
32201,0,,
32202,0,,
32203,0,,
32204,0,,
32205,0,,
32206,0,,
32207,0,,
32208,0,,
32209,0,,
32210,0,,
32211,0,,
32212,0,,
32213,0,,
32214,0,,
32215,0,,
32216,0,,
32217,0,,
32218,0,,
32219,0,,
32220,0,,
32221,0,,
32222,0,,
32223,0,,
32224,0,,
32301,0,,
32302,0,,
32303,0,,
32304,0,,
32305,0,,
32306,0,,
32307,0,,
32308,0,,
32309,0,,
32310,0,,
32311,0,,
32312,0,,
32313,0,,
32314,0,,
32315,0,,
32316,0,,
32317,0,,
32318,0,,
32319,0,,
32320,0,,
32321,0,,
32322,0,,
32323,0,,
32324,0,,
32401,0,,
32402,0,,
32403,0,,
32404,0,,
32405,0,,
32406,0,,
32407,0,,
32408,0,,
32409,0,,
32410,0,,
32411,0,,
32412,0,,
32413,0,,
32414,0,,
32415,0,,
32416,0,,
32417,0,,
32418,0,,
32419,0,,
32420,0,,
32421,0,,
32422,0,,
32423,0,,
32424,0,,
32501,0,,
32502,0,,
32503,0,,
32504,0,,
32505,0,,
32506,0,,
32507,0,,
32508,0,,
32509,0,,
32510,0,,
32511,0,,
32512,0,,
32513,0,,
32514,0,,
32515,0,,
32516,0,,
32517,0,,
32518,0,,
32519,0,,
32520,0,,
32521,0,,
32522,0,,
32523,0,,
32524,0,,
32601,0,,
32602,0,,
32603,0,,
32604,0,,
32605,0,,
32606,0,,
32607,0,,
32608,0,,
32609,0,,
32610,0,,
32611,0,,
32612,0,,
32613,0,,
32614,0,,
32615,0,,
32616,0,,
32617,0,,
32618,0,,
32619,0,,
32620,0,,
32621,0,,
32622,0,,
32623,0,,
32624,0,,
32701,0,,
32702,0,,
32703,0,,
32704,0,,
32705,0,,
32706,0,,
32707,0,,
32708,0,,
32709,0,,
32710,0,,
32711,0,,
32712,0,,
32713,0,,
32714,0,,
32715,0,,
32716,0,,
32717,0,,
32718,0,,
32719,0,,
32720,0,,
32721,0,,
32722,0,,
32723,0,,
32724,0,,
32801,0,,
32802,0,,
32803,0,,
32804,0,,
32805,0,,
32806,0,,
32807,0,,
32808,0,,
32809,0,,
32810,0,,
32811,0,,
32812,0,,
32813,0,,
32814,0,,
32815,0,,
32816,0,,
32817,0,,
32818,0,,
32819,0,,
32820,0,,
32821,0,,
32822,0,,
32823,0,,
32824,0,,
32901,0,,
32902,0,,
32903,0,,
32904,0,,
32905,0,,
32906,0,,
32907,0,,
32908,0,,
32909,0,,
32910,0,,
32911,0,,
32912,0,,
32913,0,,
32914,0,,
32915,0,,
32916,0,,
32917,0,,
32918,0,,
32919,0,,
32920,0,,
32921,0,,
32922,0,,
32923,0,,
32924,0,,
33001,0,,
33002,0,,
33003,0,,
33004,0,,
33005,0,,
33006,0,,
33007,0,,
33008,0,,
33009,0,,
33010,0,,
33011,0,,
33012,0,,
33013,0,,
33014,0,,
33015,0,,
33016,0,,
33017,0,,
33018,0,,
33019,0,,
33020,0,,
33021,0,,
33022,0,,
33023,0,,
33024,0,,
33101,0,,
33102,0,,
33103,0,,
33104,0,,
33105,0,,
33106,0,,
33107,0,,
33108,0,,
33109,0,,
33110,0,,
33111,0,,
33112,0,,
33113,0,,
33114,0,,
33115,0,,
33116,0,,
33117,0,,
33118,0,,
33119,0,,
33120,0,,
33121,0,,
33122,0,,
33123,0,,
33124,0,,
40101,0,,
40102,0,,
40103,0,,
40104,0,,
40105,0,,
40106,0,,
40107,0,,
40108,0,,
40109,0,,
40110,0,,
40111,0,,
40112,0,,
40113,0,,
40114,0,,
40115,0,,
40116,0,,
40117,0,,
40118,0,,
40119,0,,
40120,0,,
40121,0,,
40122,0,,
40123,0,,
40124,0,,
40201,0,,
40202,0,,
40203,0,,
40204,0,,
40205,0,,
40206,0,,
40207,0,,
40208,0,,
40209,0,,
40210,0,,
40211,0,,
40212,0,,
40213,0,,
40214,0,,
40215,0,,
40216,0,,
40217,0,,
40218,0,,
40219,0,,
40220,0,,
40221,0,,
40222,0,,
40223,0,,
40224,0,,
40301,0,,
40302,0,,
40303,0,,
40304,0,,
40305,0,,
40306,0,,
40307,0,,
40308,0,,
40309,0,,
40310,0,,
40311,0,,
40312,0,,
40313,0,,
40314,0,,
40315,0,,
40316,0,,
40317,0,,
40318,0,,
40319,0,,
40320,0,,
40321,0,,
40322,0,,
40323,0,,
40324,0,,
40401,0,,
40402,0,,
40403,0,,
40404,0,,
40405,0,,
40406,0,,
40407,0,,
40408,0,,
40409,0,,
40410,0,,
40411,0,,
40412,0,,
40413,0,,
40414,0,,
40415,0,,
40416,0,,
40417,0,,
40418,0,,
40419,0,,
40420,0,,
40421,0,,
40422,0,,
40423,0,,
40424,0,,
40501,0,,
40502,0,,
40503,0,,
40504,0,,
40505,0,,
40506,0,,
40507,0,,
40508,0,,
40509,0,,
40510,0,,
40511,0,,
40512,0,,
40513,0,,
40514,0,,
40515,0,,
40516,0,,
40517,0,,
40518,0,,
40519,0,,
40520,0,,
40521,0,,
40522,0,,
40523,0,,
40524,0,,
40601,0,,
40602,0,,
40603,0,,
40604,0,,
40605,0,,
40606,0,,
40607,0,,
40608,0,,
40609,0,,
40610,0,,
40611,0,,
40612,0,,
40613,0,,
40614,0,,
40615,0,,
40616,0,,
40617,0,,
40618,0,,
40619,0,,
40620,0,,
40621,0,,
40622,0,,
40623,0,,
40624,0,,
40701,0,,
40702,0,,
40703,0,,
40704,0,,
40705,0,,
40706,0,,
40707,0,,
40708,0,,
40709,0,,
40710,0,,
40711,0,,
40712,0,,
40713,0,,
40714,0,,
40715,0,,
40716,0,,
40717,0,,
40718,0,,
40719,0,,
40720,0,,
40721,0,,
40722,0,,
40723,0,,
40724,0,,
40801,0,,
40802,0,,
40803,0,,
40804,0,,
40805,0,,
40806,0,,
40807,0,,
40808,0,,
40809,0,,
40810,0,,
40811,0,,
40812,0,,
40813,0,,
40814,0,,
40815,0,,
40816,0,,
40817,0,,
40818,0,,
40819,0,,
40820,0,,
40821,0,,
40822,0,,
40823,0,,
40824,0,,
40901,0,,
40902,0,,
40903,0,,
40904,0,,
40905,0,,
40906,0,,
40907,0,,
40908,0,,
40909,0,,
40910,0,,
40911,0,,
40912,0,,
40913,0,,
40914,0,,
40915,0,,
40916,0,,
40917,0,,
40918,0,,
40919,0,,
40920,0,,
40921,0,,
40922,0,,
40923,0,,
40924,0,,
41001,0,,
41002,0,,
41003,0,,
41004,0,,
41005,0,,
41006,0,,
41007,0,,
41008,0,,
41009,0,,
41010,0,,
41011,0,,
41012,0,,
41013,0,,
41014,0,,
41015,0,,
41016,0,,
41017,0,,
41018,0,,
41019,0,,
41020,0,,
41021,0,,
41022,0,,
41023,0,,
41024,0,,
41101,0,,
41102,0,,
41103,0,,
41104,0,,
41105,0,,
41106,0,,
41107,0,,
41108,0,,
41109,0,,
41110,0,,
41111,0,,
41112,0,,
41113,0,,
41114,0,,
41115,0,,
41116,0,,
41117,0,,
41118,0,,
41119,0,,
41120,0,,
41121,0,,
41122,0,,
41123,0,,
41124,0,,
41201,0,,
41202,0,,
41203,0,,
41204,0,,
41205,0,,
41206,0,,
41207,0,,
41208,0,,
41209,0,,
41210,0,,
41211,0,,
41212,0,,
41213,0,,
41214,0,,
41215,0,,
41216,0,,
41217,0,,
41218,0,,
41219,0,,
41220,0,,
41221,0,,
41222,0,,
41223,0,,
41224,0,,
41301,0,,
41302,0,,
41303,0,,
41304,0,,
41305,0,,
41306,0,,
41307,0,,
41308,0,,
41309,0,,
41310,0,,
41311,0,,
41312,0,,
41313,0,,
41314,0,,
41315,0,,
41316,0,,
41317,0,,
41318,0,,
41319,0,,
41320,0,,
41321,0,,
41322,0,,
41323,0,,
41324,0,,
41401,0,,
41402,0,,
41403,0,,
41404,0,,
41405,0,,
41406,0,,
41407,0,,
41408,0,,
41409,0,,
41410,0,,
41411,0,,
41412,0,,
41413,0,,
41414,0,,
41415,0,,
41416,0,,
41417,0,,
41418,0,,
41419,0,,
41420,0,,
41421,0,,
41422,0,,
41423,0,,
41424,0,,
41501,0,,
41502,0,,
41503,0,,
41504,0,,
41505,0,,
41506,0,,
41507,0,,
41508,0,,
41509,0,,
41510,0,,
41511,0,,
41512,0,,
41513,0,,
41514,0,,
41515,0,,
41516,0,,
41517,0,,
41518,0,,
41519,0,,
41520,0,,
41521,0,,
41522,0,,
41523,0,,
41524,0,,
41601,0,,
41602,0,,
41603,0,,
41604,0,,
41605,0,,
41606,0,,
41607,0,,
41608,0,,
41609,0,,
41610,0,,
41611,0,,
41612,0,,
41613,0,,
41614,0,,
41615,0,,
41616,0,,
41617,0,,
41618,0,,
41619,0,,
41620,0,,
41621,0,,
41622,0,,
41623,0,,
41624,0,,
41701,0,,
41702,0,,
41703,0,,
41704,0,,
41705,0,,
41706,0,,
41707,0,,
41708,0,,
41709,0,,
41710,0,,
41711,0,,
41712,0,,
41713,0,,
41714,0,,
41715,0,,
41716,0,,
41717,0,,
41718,0,,
41719,0,,
41720,0,,
41721,0,,
41722,0,,
41723,0,,
41724,0,,
41801,0,,
41802,0,,
41803,0,,
41804,0,,
41805,0,,
41806,0,,
41807,0,,
41808,0,,
41809,0,,
41810,0,,
41811,0,,
41812,0,,
41813,0,,
41814,0,,
41815,0,,
41816,0,,
41817,0,,
41818,0,,
41819,0,,
41820,0,,
41821,0,,
41822,0,,
41823,0,,
41824,0,,
41901,0,,
41902,0,,
41903,0,,
41904,0,,
41905,0,,
41906,0,,
41907,0,,
41908,0,,
41909,0,,
41910,0,,
41911,0,,
41912,0,,
41913,0,,
41914,0,,
41915,0,,
41916,0,,
41917,0,,
41918,0,,
41919,0,,
41920,0,,
41921,0,,
41922,0,,
41923,0,,
41924,0,,
42001,0,,
42002,0,,
42003,0,,
42004,0,,
42005,0,,
42006,0,,
42007,0,,
42008,0,,
42009,0,,
42010,0,,
42011,0,,
42012,0,,
42013,0,,
42014,0,,
42015,0,,
42016,0,,
42017,0,,
42018,0,,
42019,0,,
42020,0,,
42021,0,,
42022,0,,
42023,0,,
42024,0,,
42101,0,,
42102,0,,
42103,0,,
42104,0,,
42105,0,,
42106,0,,
42107,0,,
42108,0,,
42109,0,,
42110,0,,
42111,0,,
42112,0,,
42113,0,,
42114,0,,
42115,0,,
42116,0,,
42117,0,,
42118,0,,
42119,0,,
42120,0,,
42121,0,,
42122,0,,
42123,0,,
42124,0,,
42201,0,,
42202,0,,
42203,0,,
42204,0,,
42205,0,,
42206,0,,
42207,0,,
42208,0,,
42209,0,,
42210,0,,
42211,0,,
42212,0,,
42213,0,,
42214,0,,
42215,0,,
42216,0,,
42217,0,,
42218,0,,
42219,0,,
42220,0,,
42221,0,,
42222,0,,
42223,0,,
42224,0,,
42301,0,,
42302,0,,
42303,0,,
42304,0,,
42305,0,,
42306,0,,
42307,0,,
42308,0,,
42309,0,,
42310,0,,
42311,0,,
42312,0,,
42313,0,,
42314,0,,
42315,0,,
42316,0,,
42317,0,,
42318,0,,
42319,0,,
42320,0,,
42321,0,,
42322,0,,
42323,0,,
42324,0,,
42401,0,,
42402,0,,
42403,0,,
42404,0,,
42405,0,,
42406,0,,
42407,0,,
42408,0,,
42409,0,,
42410,0,,
42411,0,,
42412,0,,
42413,0,,
42414,0,,
42415,0,,
42416,0,,
42417,0,,
42418,0,,
42419,0,,
42420,0,,
42421,0,,
42422,0,,
42423,0,,
42424,0,,
42501,0,,
42502,0,,
42503,0,,
42504,0,,
42505,0,,
42506,0,,
42507,0,,
42508,0,,
42509,0,,
42510,0,,
42511,0,,
42512,0,,
42513,0,,
42514,0,,
42515,0,,
42516,0,,
42517,0,,
42518,0,,
42519,0,,
42520,0,,
42521,0,,
42522,0,,
42523,0,,
42524,0,,
42601,0,,
42602,0,,
42603,0,,
42604,0,,
42605,0,,
42606,0,,
42607,0,,
42608,0,,
42609,0,,
42610,0,,
42611,0,,
42612,0,,
42613,0,,
42614,0,,
42615,0,,
42616,0,,
42617,0,,
42618,0,,
42619,0,,
42620,0,,
42621,0,,
42622,0,,
42623,0,,
42624,0,,
42701,0,,
42702,0,,
42703,0,,
42704,0,,
42705,0,,
42706,0,,
42707,0,,
42708,0,,
42709,0,,
42710,0,,
42711,0,,
42712,0,,
42713,0,,
42714,0,,
42715,0,,
42716,0,,
42717,0,,
42718,0,,
42719,0,,
42720,0,,
42721,0,,
42722,0,,
42723,0,,
42724,0,,
42801,0,,
42802,0,,
42803,0,,
42804,0,,
42805,0,,
42806,0,,
42807,0,,
42808,0,,
42809,0,,
42810,0,,
42811,0,,
42812,0,,
42813,0,,
42814,0,,
42815,0,,
42816,0,,
42817,0,,
42818,0,,
42819,0,,
42820,0,,
42821,0,,
42822,0,,
42823,0,,
42824,0,,
42901,0,,
42902,0,,
42903,0,,
42904,0,,
42905,0,,
42906,0,,
42907,0,,
42908,0,,
42909,0,,
42910,0,,
42911,0,,
42912,0,,
42913,0,,
42914,0,,
42915,0,,
42916,0,,
42917,0,,
42918,0,,
42919,0,,
42920,0,,
42921,0,,
42922,0,,
42923,0,,
42924,0,,
43001,0,,
43002,0,,
43003,0,,
43004,0,,
43005,0,,
43006,0,,
43007,0,,
43008,0,,
43009,0,,
43010,0,,
43011,0,,
43012,0,,
43013,0,,
43014,0,,
43015,0,,
43016,0,,
43017,0,,
43018,0,,
43019,0,,
43020,0,,
43021,0,,
43022,0,,
43023,0,,
43024,0,,
50101,0,,
50102,0,,
50103,0,,
50104,0,,
50105,0,,
50106,0,,
50107,0,,
50108,0,,
50109,0,,
50110,0,,
50111,0,,
50112,0,,
50113,0,,
50114,0,,
50115,0,,
50116,0,,
50117,0,,
50118,0,,
50119,0,,
50120,0,,
50121,0,,
50122,0,,
50123,0,,
50124,0,,
50201,0,,
50202,0,,
50203,0,,
50204,0,,
50205,0,,
50206,0,,
50207,0,,
50208,0,,
50209,0,,
50210,0,,
50211,0,,
50212,0,,
50213,0,,
50214,0,,
50215,0,,
50216,0,,
50217,0,,
50218,0,,
50219,0,,
50220,0,,
50221,0,,
50222,0,,
50223,0,,
50224,0,,
50301,0,,
50302,0,,
50303,0,,
50304,0,,
50305,0,,
50306,0,,
50307,0,,
50308,0,,
50309,0,,
50310,0,,
50311,0,,
50312,0,,
50313,0,,
50314,0,,
50315,0,,
50316,0,,
50317,0,,
50318,0,,
50319,0,,
50320,0,,
50321,0,,
50322,0,,
50323,0,,
50324,0,,
50401,0,,
50402,0,,
50403,0,,
50404,0,,
50405,0,,
50406,0,,
50407,0,,
50408,0,,
50409,0,,
50410,0,,
50411,0,,
50412,0,,
50413,0,,
50414,0,,
50415,0,,
50416,0,,
50417,0,,
50418,0,,
50419,0,,
50420,0,,
50421,0,,
50422,0,,
50423,0,,
50424,0,,
50501,0,,
50502,0,,
50503,0,,
50504,0,,
50505,0,,
50506,0,,
50507,0,,
50508,0,,
50509,0,,
50510,0,,
50511,0,,
50512,0,,
50513,0,,
50514,0,,
50515,0,,
50516,0,,
50517,0,,
50518,0,,
50519,0,,
50520,0,,
50521,0,,
50522,0,,
50523,0,,
50524,0,,
50601,0,,
50602,0,,
50603,0,,
50604,0,,
50605,0,,
50606,0,,
50607,0,,
50608,0,,
50609,0,,
50610,0,,
50611,0,,
50612,0,,
50613,0,,
50614,0,,
50615,0,,
50616,0,,
50617,0,,
50618,0,,
50619,0,,
50620,0,,
50621,0,,
50622,0,,
50623,0,,
50624,0,,
50701,0,,
50702,0,,
50703,0,,
50704,0,,
50705,0,,
50706,0,,
50707,0,,
50708,0,,
50709,0,,
50710,0,,
50711,0,,
50712,0,,
50713,0,,
50714,0,,
50715,0,,
50716,0,,
50717,0,,
50718,0,,
50719,0,,
50720,0,,
50721,0,,
50722,0,,
50723,0,,
50724,0,,
50801,0,,
50802,0,,
50803,0,,
50804,0,,
50805,0,,
50806,0,,
50807,0,,
50808,0,,
50809,0,,
50810,0,,
50811,0,,
50812,0,,
50813,0,,
50814,0,,
50815,0,,
50816,0,,
50817,0,,
50818,0,,
50819,0,,
50820,0,,
50821,0,,
50822,0,,
50823,0,,
50824,0,,
50901,0,,
50902,0,,
50903,0,,
50904,0,,
50905,0,,
50906,0,,
50907,0,,
50908,0,,
50909,0,,
50910,0,,
50911,0,,
50912,0,,
50913,0,,
50914,0,,
50915,0,,
50916,0,,
50917,0,,
50918,0,,
50919,0,,
50920,0,,
50921,0,,
50922,0,,
50923,0,,
50924,0,,
51001,0,,
51002,0,,
51003,0,,
51004,0,,
51005,0,,
51006,0,,
51007,0,,
51008,0,,
51009,0,,
51010,0,,
51011,0,,
51012,0,,
51013,0,,
51014,0,,
51015,0,,
51016,0,,
51017,0,,
51018,0,,
51019,0,,
51020,0,,
51021,0,,
51022,0,,
51023,0,,
51024,0,,
51101,0,,
51102,0,,
51103,0,,
51104,0,,
51105,0,,
51106,0,,
51107,0,,
51108,0,,
51109,0,,
51110,0,,
51111,0,,
51112,0,,
51113,0,,
51114,0,,
51115,0,,
51116,0,,
51117,0,,
51118,0,,
51119,0,,
51120,0,,
51121,0,,
51122,0,,
51123,0,,
51124,0,,
51201,0,,
51202,0,,
51203,0,,
51204,0,,
51205,0,,
51206,0,,
51207,0,,
51208,0,,
51209,0,,
51210,0,,
51211,0,,
51212,0,,
51213,0,,
51214,0,,
51215,0,,
51216,0,,
51217,0,,
51218,0,,
51219,0,,
51220,0,,
51221,0,,
51222,0,,
51223,0,,
51224,0,,
51301,0,,
51302,0,,
51303,0,,
51304,0,,
51305,0,,
51306,0,,
51307,0,,
51308,0,,
51309,0,,
51310,0,,
51311,0,,
51312,0,,
51313,0,,
51314,0,,
51315,0,,
51316,0,,
51317,0,,
51318,0,,
51319,0,,
51320,0,,
51321,0,,
51322,0,,
51323,0,,
51324,0,,
51401,0,,
51402,0,,
51403,0,,
51404,0,,
51405,0,,
51406,0,,
51407,0,,
51408,0,,
51409,0,,
51410,0,,
51411,0,,
51412,0,,
51413,0,,
51414,0,,
51415,0,,
51416,0,,
51417,0,,
51418,0,,
51419,0,,
51420,0,,
51421,0,,
51422,0,,
51423,0,,
51424,0,,
51501,0,,
51502,0,,
51503,0,,
51504,0,,
51505,0,,
51506,0,,
51507,0,,
51508,0,,
51509,0,,
51510,0,,
51511,0,,
51512,0,,
51513,0,,
51514,0,,
51515,0,,
51516,0,,
51517,0,,
51518,0,,
51519,0,,
51520,0,,
51521,0,,
51522,0,,
51523,0,,
51524,0,,
51601,0,,
51602,0,,
51603,0,,
51604,0,,
51605,0,,
51606,0,,
51607,0,,
51608,0,,
51609,0,,
51610,0,,
51611,0,,
51612,0,,
51613,0,,
51614,0,,
51615,0,,
51616,0,,
51617,0,,
51618,0,,
51619,0,,
51620,0,,
51621,0,,
51622,0,,
51623,0,,
51624,0,,
51701,0,,
51702,0,,
51703,0,,
51704,0,,
51705,0,,
51706,0,,
51707,0,,
51708,0,,
51709,0,,
51710,0,,
51711,0,,
51712,0,,
51713,0,,
51714,0,,
51715,0,,
51716,0,,
51717,0,,
51718,0,,
51719,0,,
51720,0,,
51721,0,,
51722,0,,
51723,0,,
51724,0,,
51801,0,,
51802,0,,
51803,0,,
51804,0,,
51805,0,,
51806,0,,
51807,0,,
51808,0,,
51809,0,,
51810,0,,
51811,0,,
51812,0,,
51813,0,,
51814,0,,
51815,0,,
51816,0,,
51817,0,,
51818,0,,
51819,0,,
51820,0,,
51821,0,,
51822,0,,
51823,0,,
51824,0,,
51901,0,,
51902,0,,
51903,0,,
51904,0,,
51905,0,,
51906,0,,
51907,0,,
51908,0,,
51909,0,,
51910,0,,
51911,0,,
51912,0,,
51913,0,,
51914,0,,
51915,0,,
51916,0,,
51917,0,,
51918,0,,
51919,0,,
51920,0,,
51921,0,,
51922,0,,
51923,0,,
51924,0,,
52001,0,,
52002,0,,
52003,0,,
52004,0,,
52005,0,,
52006,0,,
52007,0,,
52008,0,,
52009,0,,
52010,0,,
52011,0,,
52012,0,,
52013,0,,
52014,0,,
52015,0,,
52016,0,,
52017,0,,
52018,0,,
52019,0,,
52020,0,,
52021,0,,
52022,0,,
52023,0,,
52024,0,,
52101,0,,
52102,0,,
52103,0,,
52104,0,,
52105,0,,
52106,0,,
52107,0,,
52108,0,,
52109,0,,
52110,0,,
52111,0,,
52112,0,,
52113,0,,
52114,0,,
52115,2.31757E-14,,
52116,7.17953E-13,,
52117,5.82659E-10,,
52118,4.78662E-10,,
52119,5.61803E-07,,
52120,5.61922E-06,,
52121,5.18677E-10,,
52122,0,,
52123,0,,
52124,0,,
52201,0,,
52202,0,,
52203,0,,
52204,0,,
52205,0,,
52206,0,,
52207,0,,
52208,0,,
52209,0,,
52210,0,,
52211,0,,
52212,0,,
52213,0,,
52214,0,,
52215,0,,
52216,0,,
52217,0,,
52218,0,,
52219,0,,
52220,0,,
52221,0,,
52222,0,,
52223,0,,
52224,0,,
52301,0,,
52302,0,,
52303,0,,
52304,0,,
52305,0,,
52306,0,,
52307,0,,
52308,0,,
52309,0,,
52310,0,,
52311,0,,
52312,0,,
52313,0,,
52314,0,,
52315,0,,
52316,0,,
52317,0,,
52318,0,,
52319,0,,
52320,0,,
52321,0,,
52322,0,,
52323,0,,
52324,0,,
52401,0,,
52402,0,,
52403,0,,
52404,0,,
52405,0,,
52406,0,,
52407,0,,
52408,0,,
52409,0,,
52410,0,,
52411,0,,
52412,0,,
52413,0,,
52414,0,,
52415,0,,
52416,0,,
52417,0,,
52418,0,,
52419,0,,
52420,0,,
52421,0,,
52422,0,,
52423,0,,
52424,0,,
52501,0,,
52502,0,,
52503,0,,
52504,0,,
52505,0,,
52506,0,,
52507,0,,
52508,0,,
52509,0,,
52510,0,,
52511,0,,
52512,0,,
52513,0,,
52514,0,,
52515,0,,
52516,0,,
52517,0,,
52518,0,,
52519,0,,
52520,0,,
52521,0,,
52522,0,,
52523,0,,
52524,0,,
52601,0,,
52602,0,,
52603,0,,
52604,0,,
52605,0,,
52606,0,,
52607,0,,
52608,0,,
52609,0,,
52610,0,,
52611,0,,
52612,0,,
52613,0,,
52614,0,,
52615,0,,
52616,0,,
52617,0,,
52618,0,,
52619,0,,
52620,0,,
52621,0,,
52622,0,,
52623,0,,
52624,0,,
52701,0,,
52702,0,,
52703,0,,
52704,0,,
52705,0,,
52706,0,,
52707,0,,
52708,0,,
52709,0,,
52710,0,,
52711,0,,
52712,0,,
52713,0,,
52714,0,,
52715,0,,
52716,0,,
52717,0,,
52718,0,,
52719,0,,
52720,0,,
52721,0,,
52722,0,,
52723,0,,
52724,0,,
52801,0,,
52802,0,,
52803,0,,
52804,0,,
52805,0,,
52806,0,,
52807,0,,
52808,0,,
52809,0,,
52810,0,,
52811,0,,
52812,0,,
52813,0,,
52814,0,,
52815,2.31757E-14,,
52816,7.17953E-13,,
52817,5.82659E-10,,
52818,4.78662E-10,,
52819,5.61803E-07,,
52820,5.61922E-06,,
52821,5.18677E-10,,
52822,0,,
52823,0,,
52824,0,,
52901,0,,
52902,0,,
52903,0,,
52904,0,,
52905,0,,
52906,0,,
52907,0,,
52908,0,,
52909,0,,
52910,0,,
52911,0,,
52912,0,,
52913,0,,
52914,0,,
52915,0,,
52916,0,,
52917,0,,
52918,0,,
52919,0,,
52920,0,,
52921,0,,
52922,0,,
52923,0,,
52924,0,,
53001,0,,
53002,0,,
53003,0,,
53004,0,,
53005,0,,
53006,0,,
53007,0,,
53008,0,,
53009,0,,
53010,0,,
53011,0,,
53012,0,,
53013,0,,
53014,0,,
53015,0,,
53016,0,,
53017,0,,
53018,0,,
53019,0,,
53020,0,,
53021,0,,
53022,0,,
53023,0,,
53024,0,,
53101,0,,
53102,0,,
53103,0,,
53104,0,,
53105,0,,
53106,0,,
53107,0,,
53108,0,,
53109,0,,
53110,0,,
53111,0,,
53112,0,,
53113,0,,
53114,0,,
53115,0,,
53116,0,,
53117,0,,
53118,0,,
53119,0,,
53120,0,,
53121,0,,
53122,0,,
53123,0,,
53124,0,,
60101,0,,
60102,0,,
60103,0,,
60104,0,,
60105,0,,
60106,0,,
60107,0,,
60108,0,,
60109,0,,
60110,0,,
60111,0,,
60112,0,,
60113,0,,
60114,0,,
60115,0,,
60116,0,,
60117,0,,
60118,0,,
60119,0,,
60120,0,,
60121,0,,
60122,0,,
60123,0,,
60124,0,,
60201,0,,
60202,0,,
60203,0,,
60204,0,,
60205,0,,
60206,0,,
60207,0,,
60208,0,,
60209,0,,
60210,0,,
60211,0,,
60212,0,,
60213,0,,
60214,0,,
60215,0,,
60216,0,,
60217,0,,
60218,0,,
60219,0,,
60220,0,,
60221,0,,
60222,0,,
60223,0,,
60224,0,,
60301,0,,
60302,0,,
60303,0,,
60304,0,,
60305,0,,
60306,0,,
60307,0,,
60308,0,,
60309,0,,
60310,0,,
60311,0,,
60312,0,,
60313,0,,
60314,0,,
60315,0,,
60316,0,,
60317,0,,
60318,0,,
60319,0,,
60320,0,,
60321,0,,
60322,0,,
60323,0,,
60324,0,,
60401,0,,
60402,0,,
60403,0,,
60404,0,,
60405,0,,
60406,0,,
60407,0,,
60408,0,,
60409,0,,
60410,0,,
60411,0,,
60412,0,,
60413,0,,
60414,0,,
60415,0,,
60416,0,,
60417,0,,
60418,0,,
60419,0,,
60420,0,,
60421,0,,
60422,0,,
60423,0,,
60424,0,,
60501,0,,
60502,0,,
60503,0,,
60504,0,,
60505,0,,
60506,0,,
60507,0,,
60508,0,,
60509,0,,
60510,0,,
60511,0,,
60512,6.25593E-15,,
60513,7.0233E-13,,
60514,2.96933E-10,,
60515,2.17038E-08,,
60516,1.15231E-06,,
60517,2.22713E-06,,
60518,3.43901E-05,,
60519,0.002030191,,
60520,0.002308866,,
60521,2.34133E-06,,
60522,6.86662E-13,,
60523,0,,
60524,0,,
60601,0,,
60602,0,,
60603,0,,
60604,0,,
60605,0,,
60606,0,,
60607,0,,
60608,0,,
60609,0,,
60610,0,,
60611,0,,
60612,0,,
60613,0,,
60614,0,,
60615,0,,
60616,0,,
60617,0,,
60618,0,,
60619,0,,
60620,0,,
60621,0,,
60622,0,,
60623,0,,
60624,0,,
60701,0,,
60702,0,,
60703,0,,
60704,0,,
60705,0,,
60706,0,,
60707,0,,
60708,0,,
60709,0,,
60710,0,,
60711,0,,
60712,0,,
60713,0,,
60714,0,,
60715,0,,
60716,0,,
60717,0,,
60718,0,,
60719,0,,
60720,0,,
60721,0,,
60722,0,,
60723,0,,
60724,0,,
60801,0,,
60802,0,,
60803,0,,
60804,0,,
60805,0,,
60806,0,,
60807,0,,
60808,0,,
60809,0,,
60810,0,,
60811,0,,
60812,0,,
60813,0,,
60814,0,,
60815,0,,
60816,0,,
60817,0,,
60818,0,,
60819,0,,
60820,0,,
60821,0,,
60822,0,,
60823,0,,
60824,0,,
60901,0,,
60902,0,,
60903,0,,
60904,0,,
60905,0,,
60906,0,,
60907,0,,
60908,0,,
60909,0,,
60910,0,,
60911,0,,
60912,0,,
60913,0,,
60914,0,,
60915,0,,
60916,0,,
60917,0,,
60918,0,,
60919,0,,
60920,0,,
60921,0,,
60922,0,,
60923,0,,
60924,0,,
61001,0,,
61002,0,,
61003,0,,
61004,0,,
61005,0,,
61006,0,,
61007,0,,
61008,0,,
61009,0,,
61010,0,,
61011,0,,
61012,0,,
61013,0,,
61014,0,,
61015,0,,
61016,0,,
61017,0,,
61018,0,,
61019,0,,
61020,0,,
61021,0,,
61022,0,,
61023,0,,
61024,0,,
61101,0,,
61102,0,,
61103,0,,
61104,0,,
61105,0,,
61106,0,,
61107,0,,
61108,0,,
61109,0,,
61110,0,,
61111,0,,
61112,0,,
61113,0,,
61114,0,,
61115,0,,
61116,0,,
61117,0,,
61118,0,,
61119,0,,
61120,0,,
61121,0,,
61122,0,,
61123,0,,
61124,0,,
61201,0,,
61202,0,,
61203,0,,
61204,0,,
61205,0,,
61206,0,,
61207,0,,
61208,0,,
61209,0,,
61210,0,,
61211,0,,
61212,0,,
61213,0,,
61214,0,,
61215,0,,
61216,0,,
61217,0,,
61218,0,,
61219,0,,
61220,0,,
61221,0,,
61222,0,,
61223,0,,
61224,0,,
61301,0,,
61302,0,,
61303,0,,
61304,0,,
61305,0,,
61306,0,,
61307,0,,
61308,0,,
61309,0,,
61310,0,,
61311,0,,
61312,0,,
61313,0,,
61314,0,,
61315,0,,
61316,0,,
61317,0,,
61318,0,,
61319,0,,
61320,0,,
61321,0,,
61322,0,,
61323,0,,
61324,0,,
61401,0,,
61402,0,,
61403,0,,
61404,0,,
61405,0,,
61406,0,,
61407,0,,
61408,0,,
61409,0,,
61410,0,,
61411,0,,
61412,0,,
61413,0,,
61414,0,,
61415,0,,
61416,0,,
61417,0,,
61418,0,,
61419,0,,
61420,0,,
61421,0,,
61422,0,,
61423,0,,
61424,0,,
61501,0,,
61502,0,,
61503,0,,
61504,0,,
61505,0,,
61506,0,,
61507,0,,
61508,0,,
61509,0,,
61510,0,,
61511,0,,
61512,0,,
61513,0,,
61514,0,,
61515,0,,
61516,0,,
61517,0,,
61518,0,,
61519,0,,
61520,0,,
61521,0,,
61522,0,,
61523,0,,
61524,0,,
61601,0,,
61602,0,,
61603,0,,
61604,0,,
61605,0,,
61606,0,,
61607,0,,
61608,0,,
61609,0,,
61610,0,,
61611,0,,
61612,0,,
61613,0,,
61614,0,,
61615,0,,
61616,0,,
61617,0,,
61618,0,,
61619,0,,
61620,0,,
61621,0,,
61622,0,,
61623,0,,
61624,0,,
61701,0,,
61702,0,,
61703,0,,
61704,0,,
61705,0,,
61706,0,,
61707,0,,
61708,0,,
61709,0,,
61710,0,,
61711,0,,
61712,0,,
61713,0,,
61714,0,,
61715,0,,
61716,0,,
61717,0,,
61718,0,,
61719,0,,
61720,0,,
61721,0,,
61722,0,,
61723,0,,
61724,0,,
61801,0,,
61802,0,,
61803,0,,
61804,0,,
61805,0,,
61806,0,,
61807,0,,
61808,0,,
61809,0,,
61810,0,,
61811,0,,
61812,0,,
61813,0,,
61814,0,,
61815,0,,
61816,0,,
61817,0,,
61818,0,,
61819,0,,
61820,0,,
61821,0,,
61822,0,,
61823,0,,
61824,0,,
61901,0,,
61902,0,,
61903,0,,
61904,0,,
61905,0,,
61906,0,,
61907,0,,
61908,0,,
61909,0,,
61910,0,,
61911,0,,
61912,0,,
61913,0,,
61914,0,,
61915,0,,
61916,0,,
61917,0,,
61918,0,,
61919,0,,
61920,0,,
61921,0,,
61922,0,,
61923,0,,
61924,0,,
62001,0,,
62002,0,,
62003,0,,
62004,0,,
62005,0,,
62006,0,,
62007,0,,
62008,0,,
62009,0,,
62010,0,,
62011,0,,
62012,0,,
62013,0,,
62014,0,,
62015,0,,
62016,0,,
62017,0,,
62018,0,,
62019,0,,
62020,0,,
62021,0,,
62022,0,,
62023,0,,
62024,0,,
62101,0,,
62102,0,,
62103,0,,
62104,0,,
62105,0,,
62106,0,,
62107,0,,
62108,0,,
62109,0,,
62110,0,,
62111,0,,
62112,0,,
62113,0,,
62114,0,,
62115,0,,
62116,0,,
62117,0,,
62118,0,,
62119,0,,
62120,0,,
62121,0,,
62122,0,,
62123,0,,
62124,0,,
62201,0,,
62202,0,,
62203,0,,
62204,0,,
62205,0,,
62206,0,,
62207,0,,
62208,0,,
62209,0,,
62210,0,,
62211,0,,
62212,0,,
62213,0,,
62214,0,,
62215,0,,
62216,0,,
62217,0,,
62218,0,,
62219,0,,
62220,0,,
62221,0,,
62222,0,,
62223,0,,
62224,0,,
62301,0,,
62302,0,,
62303,0,,
62304,0,,
62305,0,,
62306,0,,
62307,0,,
62308,0,,
62309,0,,
62310,0,,
62311,0,,
62312,0,,
62313,0,,
62314,0,,
62315,0,,
62316,0,,
62317,0,,
62318,0,,
62319,0,,
62320,0,,
62321,0,,
62322,0,,
62323,0,,
62324,0,,
62401,0,,
62402,0,,
62403,0,,
62404,0,,
62405,0,,
62406,0,,
62407,0,,
62408,0,,
62409,0,,
62410,0,,
62411,0,,
62412,0,,
62413,0,,
62414,0,,
62415,0,,
62416,0,,
62417,0,,
62418,0,,
62419,0,,
62420,0,,
62421,0,,
62422,0,,
62423,0,,
62424,0,,
62501,0,,
62502,0,,
62503,0,,
62504,0,,
62505,0,,
62506,0,,
62507,0,,
62508,0,,
62509,0,,
62510,0,,
62511,0,,
62512,0,,
62513,0,,
62514,0,,
62515,0,,
62516,0,,
62517,0,,
62518,0,,
62519,0,,
62520,0,,
62521,0,,
62522,0,,
62523,0,,
62524,0,,
62601,0,,
62602,0,,
62603,0,,
62604,0,,
62605,0,,
62606,0,,
62607,0,,
62608,0,,
62609,0,,
62610,0,,
62611,0,,
62612,0,,
62613,0,,
62614,0,,
62615,0,,
62616,0,,
62617,0,,
62618,0,,
62619,0,,
62620,0,,
62621,0,,
62622,0,,
62623,0,,
62624,0,,
62701,0,,
62702,0,,
62703,0,,
62704,0,,
62705,0,,
62706,0,,
62707,0,,
62708,0,,
62709,0,,
62710,0,,
62711,0,,
62712,0,,
62713,0,,
62714,0,,
62715,0,,
62716,0,,
62717,0,,
62718,0,,
62719,0,,
62720,0,,
62721,0,,
62722,0,,
62723,0,,
62724,0,,
62801,0,,
62802,0,,
62803,0,,
62804,0,,
62805,0,,
62806,0,,
62807,0,,
62808,0,,
62809,0,,
62810,0,,
62811,0,,
62812,0,,
62813,0,,
62814,0,,
62815,0,,
62816,0,,
62817,0,,
62818,0,,
62819,0,,
62820,0,,
62821,0,,
62822,0,,
62823,0,,
62824,0,,
62901,0,,
62902,0,,
62903,0,,
62904,0,,
62905,0,,
62906,0,,
62907,0,,
62908,0,,
62909,0,,
62910,0,,
62911,0,,
62912,0,,
62913,0,,
62914,0,,
62915,0,,
62916,0,,
62917,0,,
62918,0,,
62919,0,,
62920,0,,
62921,0,,
62922,0,,
62923,0,,
62924,0,,
63001,0,,
63002,0,,
63003,0,,
63004,0,,
63005,0,,
63006,0,,
63007,0,,
63008,0,,
63009,0,,
63010,0,,
63011,0,,
63012,0,,
63013,0,,
63014,0,,
63015,0,,
63016,0,,
63017,0,,
63018,0,,
63019,0,,
63020,0,,
63021,0,,
63022,0,,
63023,0,,
63024,0,,
70101,0,,
70102,0,,
70103,0,,
70104,0,,
70105,0,,
70106,0,,
70107,0,,
70108,1.18149E-14,,
70109,1.64951E-12,,
70110,3.20351E-11,,
70111,9.70085E-10,,
70112,4.88105E-07,,
70113,4.4475E-06,,
70114,2.60763E-05,,
70115,0.000291952,,
70116,0.001067751,,
70117,0.001536417,,
70118,0.00288588,,
70119,0.021214026,,
70120,0.025050347,,
70121,0.001088687,,
70122,2.06406E-08,,
70123,0,,
70124,0,,
70201,0,,
70202,0,,
70203,0,,
70204,0,,
70205,0,,
70206,0,,
70207,0,,
70208,0,,
70209,0,,
70210,0,,
70211,0,,
70212,0,,
70213,0,,
70214,0,,
70215,0,,
70216,0,,
70217,0,,
70218,0,,
70219,0,,
70220,0,,
70221,0,,
70222,0,,
70223,0,,
70224,0,,
70301,0,,
70302,0,,
70303,0,,
70304,0,,
70305,0,,
70306,0,,
70307,0,,
70308,0,,
70309,0,,
70310,0,,
70311,0,,
70312,0,,
70313,0,,
70314,0,,
70315,0,,
70316,0,,
70317,0,,
70318,0,,
70319,0,,
70320,0,,
70321,0,,
70322,0,,
70323,0,,
70324,0,,
70401,0,,
70402,0,,
70403,0,,
70404,0,,
70405,0,,
70406,0,,
70407,0,,
70408,0,,
70409,0,,
70410,0,,
70411,0,,
70412,0,,
70413,0,,
70414,0,,
70415,0,,
70416,0,,
70417,0,,
70418,0,,
70419,0,,
70420,0,,
70421,0,,
70422,0,,
70423,0,,
70424,0,,
70501,0,,
70502,0,,
70503,0,,
70504,0,,
70505,0,,
70506,0,,
70507,0,,
70508,0,,
70509,0,,
70510,0,,
70511,0,,
70512,0,,
70513,0,,
70514,0,,
70515,0,,
70516,0,,
70517,0,,
70518,0,,
70519,0,,
70520,0,,
70521,0,,
70522,0,,
70523,0,,
70524,0,,
70601,0,,
70602,0,,
70603,0,,
70604,0,,
70605,0,,
70606,0,,
70607,0,,
70608,0,,
70609,0,,
70610,0,,
70611,0,,
70612,0,,
70613,0,,
70614,0,,
70615,0,,
70616,0,,
70617,0,,
70618,0,,
70619,0,,
70620,0,,
70621,0,,
70622,0,,
70623,0,,
70624,0,,
70701,0,,
70702,0,,
70703,0,,
70704,0,,
70705,0,,
70706,0,,
70707,0,,
70708,0,,
70709,0,,
70710,0,,
70711,0,,
70712,0,,
70713,0,,
70714,0,,
70715,0,,
70716,0,,
70717,0,,
70718,0,,
70719,0,,
70720,0,,
70721,0,,
70722,0,,
70723,0,,
70724,0,,
70801,0,,
70802,0,,
70803,0,,
70804,0,,
70805,0,,
70806,0,,
70807,0,,
70808,0,,
70809,0,,
70810,0,,
70811,0,,
70812,0,,
70813,0,,
70814,0,,
70815,0,,
70816,0,,
70817,0,,
70818,0,,
70819,0,,
70820,0,,
70821,0,,
70822,0,,
70823,0,,
70824,0,,
70901,0,,
70902,0,,
70903,0,,
70904,0,,
70905,0,,
70906,0,,
70907,0,,
70908,1.18149E-14,,
70909,1.64951E-12,,
70910,3.20351E-11,,
70911,9.70085E-10,,
70912,4.88105E-07,,
70913,4.4475E-06,,
70914,2.60763E-05,,
70915,0.000291952,,
70916,0.001067751,,
70917,0.001536417,,
70918,0.00288588,,
70919,0.021214026,,
70920,0.025050347,,
70921,0.001088687,,
70922,2.06406E-08,,
70923,0,,
70924,0,,
71001,0,,
71002,0,,
71003,0,,
71004,0,,
71005,0,,
71006,0,,
71007,0,,
71008,1.18149E-14,,
71009,1.64951E-12,,
71010,3.20351E-11,,
71011,9.70085E-10,,
71012,4.88105E-07,,
71013,4.4475E-06,,
71014,2.60763E-05,,
71015,0.000291952,,
71016,0.001067751,,
71017,0.001536417,,
71018,0.00288588,,
71019,0.021214026,,
71020,0.025050347,,
71021,0.001088687,,
71022,2.06406E-08,,
71023,0,,
71024,0,,
71101,0,,
71102,0,,
71103,0,,
71104,0,,
71105,0,,
71106,0,,
71107,0,,
71108,0,,
71109,0,,
71110,0,,
71111,0,,
71112,0,,
71113,0,,
71114,0,,
71115,0,,
71116,0,,
71117,0,,
71118,0,,
71119,0,,
71120,0,,
71121,0,,
71122,0,,
71123,0,,
71124,0,,
71201,0,,
71202,0,,
71203,0,,
71204,0,,
71205,0,,
71206,0,,
71207,0,,
71208,0,,
71209,0,,
71210,1.95516E-14,,
71211,6.91603E-11,,
71212,6.80584E-07,,
71213,2.42255E-06,,
71214,2.79114E-07,,
71215,3.96302E-06,,
71216,1.40886E-05,,
71217,4.89006E-05,,
71218,9.61103E-05,,
71219,0.015985211,,
71220,0.021835836,,
71221,0.002504824,,
71222,1.40088E-06,,
71223,3.5828E-16,,
71224,0,,
71301,0,,
71302,0,,
71303,0,,
71304,0,,
71305,0,,
71306,0,,
71307,0,,
71308,0,,
71309,0,,
71310,0,,
71311,0,,
71312,0,,
71313,0,,
71314,0,,
71315,0,,
71316,0,,
71317,0,,
71318,0,,
71319,0,,
71320,0,,
71321,0,,
71322,0,,
71323,0,,
71324,0,,
71401,0,,
71402,0,,
71403,0,,
71404,0,,
71405,0,,
71406,0,,
71407,0,,
71408,0,,
71409,0,,
71410,0,,
71411,0,,
71412,0,,
71413,0,,
71414,0,,
71415,0,,
71416,0,,
71417,0,,
71418,0,,
71419,0,,
71420,0,,
71421,0,,
71422,0,,
71423,0,,
71424,0,,
71501,0,,
71502,0,,
71503,0,,
71504,0,,
71505,0,,
71506,0,,
71507,0,,
71508,0,,
71509,0,,
71510,0,,
71511,0,,
71512,0,,
71513,0,,
71514,0,,
71515,0,,
71516,0,,
71517,0,,
71518,0,,
71519,0,,
71520,0,,
71521,0,,
71522,0,,
71523,0,,
71524,0,,
71601,0,,
71602,0,,
71603,0,,
71604,0,,
71605,0,,
71606,0,,
71607,0,,
71608,0,,
71609,0,,
71610,0,,
71611,0,,
71612,0,,
71613,0,,
71614,0,,
71615,0,,
71616,0,,
71617,0,,
71618,0,,
71619,0,,
71620,0,,
71621,0,,
71622,0,,
71623,0,,
71624,0,,
71701,0,,
71702,0,,
71703,0,,
71704,0,,
71705,0,,
71706,0,,
71707,0,,
71708,0,,
71709,0,,
71710,0,,
71711,0,,
71712,0,,
71713,0,,
71714,0,,
71715,0,,
71716,0,,
71717,0,,
71718,0,,
71719,0,,
71720,0,,
71721,0,,
71722,0,,
71723,0,,
71724,0,,
71801,0,,
71802,0,,
71803,0,,
71804,0,,
71805,0,,
71806,0,,
71807,0,,
71808,0,,
71809,0,,
71810,0,,
71811,0,,
71812,0,,
71813,0,,
71814,0,,
71815,0,,
71816,0,,
71817,0,,
71818,0,,
71819,0,,
71820,0,,
71821,0,,
71822,0,,
71823,0,,
71824,0,,
71901,0,,
71902,0,,
71903,0,,
71904,0,,
71905,0,,
71906,0,,
71907,0,,
71908,0,,
71909,0,,
71910,0,,
71911,0,,
71912,0,,
71913,0,,
71914,0,,
71915,0,,
71916,0,,
71917,0,,
71918,0,,
71919,0,,
71920,0,,
71921,0,,
71922,0,,
71923,0,,
71924,0,,
72001,0,,
72002,0,,
72003,0,,
72004,0,,
72005,0,,
72006,0,,
72007,0,,
72008,0,,
72009,0,,
72010,0,,
72011,0,,
72012,0,,
72013,0,,
72014,0,,
72015,0,,
72016,0,,
72017,0,,
72018,0,,
72019,0,,
72020,0,,
72021,0,,
72022,0,,
72023,0,,
72024,0,,
72101,0,,
72102,0,,
72103,0,,
72104,0,,
72105,0,,
72106,0,,
72107,0,,
72108,0,,
72109,0,,
72110,0,,
72111,0,,
72112,0,,
72113,0,,
72114,0,,
72115,0,,
72116,0,,
72117,0,,
72118,0,,
72119,0,,
72120,0,,
72121,0,,
72122,0,,
72123,0,,
72124,0,,
72201,0,,
72202,0,,
72203,0,,
72204,0,,
72205,0,,
72206,0,,
72207,0,,
72208,0,,
72209,0,,
72210,0,,
72211,0,,
72212,0,,
72213,0,,
72214,0,,
72215,0,,
72216,0,,
72217,0,,
72218,0,,
72219,0,,
72220,0,,
72221,0,,
72222,0,,
72223,0,,
72224,0,,
72301,0,,
72302,0,,
72303,0,,
72304,0,,
72305,0,,
72306,0,,
72307,0,,
72308,0,,
72309,0,,
72310,0,,
72311,0,,
72312,0,,
72313,0,,
72314,0,,
72315,0,,
72316,0,,
72317,0,,
72318,0,,
72319,0,,
72320,0,,
72321,0,,
72322,0,,
72323,0,,
72324,0,,
72401,0,,
72402,0,,
72403,0,,
72404,0,,
72405,0,,
72406,0,,
72407,0,,
72408,0,,
72409,0,,
72410,0,,
72411,0,,
72412,0,,
72413,0,,
72414,0,,
72415,0,,
72416,0,,
72417,0,,
72418,0,,
72419,0,,
72420,0,,
72421,0,,
72422,0,,
72423,0,,
72424,0,,
72501,0,,
72502,0,,
72503,0,,
72504,0,,
72505,0,,
72506,0,,
72507,0,,
72508,0,,
72509,0,,
72510,0,,
72511,0,,
72512,0,,
72513,0,,
72514,0,,
72515,0,,
72516,0,,
72517,0,,
72518,0,,
72519,0,,
72520,0,,
72521,0,,
72522,0,,
72523,0,,
72524,0,,
72601,0,,
72602,0,,
72603,0,,
72604,0,,
72605,0,,
72606,0,,
72607,0,,
72608,0,,
72609,0,,
72610,0,,
72611,0,,
72612,0,,
72613,0,,
72614,0,,
72615,0,,
72616,0,,
72617,0,,
72618,0,,
72619,0,,
72620,0,,
72621,0,,
72622,0,,
72623,0,,
72624,0,,
72701,0,,
72702,0,,
72703,0,,
72704,0,,
72705,0,,
72706,0,,
72707,0,,
72708,0,,
72709,0,,
72710,0,,
72711,0,,
72712,0,,
72713,0,,
72714,0,,
72715,0,,
72716,0,,
72717,0,,
72718,0,,
72719,0,,
72720,0,,
72721,0,,
72722,0,,
72723,0,,
72724,0,,
72801,0,,
72802,0,,
72803,0,,
72804,0,,
72805,0,,
72806,0,,
72807,0,,
72808,0,,
72809,0,,
72810,0,,
72811,0,,
72812,0,,
72813,0,,
72814,0,,
72815,0,,
72816,0,,
72817,0,,
72818,0,,
72819,0,,
72820,0,,
72821,0,,
72822,0,,
72823,0,,
72824,0,,
72901,0,,
72902,0,,
72903,0,,
72904,0,,
72905,0,,
72906,0,,
72907,0,,
72908,0,,
72909,0,,
72910,0,,
72911,0,,
72912,0,,
72913,0,,
72914,0,,
72915,0,,
72916,0,,
72917,0,,
72918,0,,
72919,0,,
72920,0,,
72921,0,,
72922,0,,
72923,0,,
72924,0,,
73001,0,,
73002,0,,
73003,0,,
73004,0,,
73005,0,,
73006,0,,
73007,0,,
73008,0,,
73009,0,,
73010,0,,
73011,0,,
73012,0,,
73013,0,,
73014,0,,
73015,0,,
73016,0,,
73017,0,,
73018,0,,
73019,0,,
73020,0,,
73021,0,,
73022,0,,
73023,0,,
73024,0,,
73101,0,,
73102,0,,
73103,0,,
73104,0,,
73105,0,,
73106,0,,
73107,0,,
73108,0,,
73109,0,,
73110,0,,
73111,0,,
73112,0,,
73113,0,,
73114,0,,
73115,0,,
73116,0,,
73117,0,,
73118,0,,
73119,0,,
73120,0,,
73121,0,,
73122,0,,
73123,0,,
73124,0,,
80101,0,,
80102,0,,
80103,0,,
80104,0,,
80105,0,,
80106,0,,
80107,0,,
80108,0,,
80109,0,,
80110,0,,
80111,0,,
80112,0,,
80113,0,,
80114,0,,
80115,0,,
80116,0,,
80117,0,,
80118,0,,
80119,0,,
80120,0,,
80121,0,,
80122,0,,
80123,0,,
80124,0,,
80201,0,,
80202,0,,
80203,0,,
80204,0,,
80205,0,,
80206,0,,
80207,0,,
80208,0,,
80209,0,,
80210,0,,
80211,0,,
80212,0,,
80213,0,,
80214,0,,
80215,0,,
80216,0,,
80217,0,,
80218,0,,
80219,0,,
80220,0,,
80221,0,,
80222,0,,
80223,0,,
80224,0,,
80301,0,,
80302,0,,
80303,0,,
80304,0,,
80305,0,,
80306,0,,
80307,0,,
80308,0,,
80309,0,,
80310,0,,
80311,0,,
80312,0,,
80313,0,,
80314,0,,
80315,0,,
80316,0,,
80317,0,,
80318,0,,
80319,0,,
80320,0,,
80321,0,,
80322,0,,
80323,0,,
80324,0,,
80401,0,,
80402,0,,
80403,0,,
80404,0,,
80405,0,,
80406,0,,
80407,0,,
80408,0,,
80409,0,,
80410,0,,
80411,0,,
80412,0,,
80413,0,,
80414,0,,
80415,0,,
80416,0,,
80417,0,,
80418,0,,
80419,0,,
80420,0,,
80421,0,,
80422,0,,
80423,0,,
80424,0,,
80501,0,,
80502,0,,
80503,0,,
80504,0,,
80505,0,,
80506,0,,
80507,0,,
80508,0,,
80509,0,,
80510,0,,
80511,0,,
80512,0,,
80513,0,,
80514,0,,
80515,0,,
80516,0,,
80517,0,,
80518,0,,
80519,0,,
80520,0,,
80521,0,,
80522,0,,
80523,0,,
80524,0,,
80601,0,,
80602,0,,
80603,0,,
80604,0,,
80605,0,,
80606,0,,
80607,0,,
80608,0,,
80609,0,,
80610,0,,
80611,0,,
80612,0,,
80613,0,,
80614,0,,
80615,0,,
80616,0,,
80617,0,,
80618,0,,
80619,0,,
80620,0,,
80621,0,,
80622,0,,
80623,0,,
80624,0,,
80701,0,,
80702,0,,
80703,0,,
80704,0,,
80705,0,,
80706,0,,
80707,0,,
80708,0,,
80709,0,,
80710,2.78849E-15,,
80711,2.62914E-13,,
80712,9.80551E-11,,
80713,3.53302E-07,,
80714,2.0711E-05,,
80715,0.00061446,,
80716,0.001630432,,
80717,0.001908756,,
80718,0.004525266,,
80719,0.021980138,,
80720,0.016539158,,
80721,0.00052396,,
80722,1.41338E-09,,
80723,0,,
80724,0,,
80801,0,,
80802,0,,
80803,0,,
80804,0,,
80805,0,,
80806,0,,
80807,0,,
80808,0,,
80809,0,,
80810,0,,
80811,0,,
80812,0,,
80813,0,,
80814,0,,
80815,0,,
80816,0,,
80817,0,,
80818,0,,
80819,0,,
80820,0,,
80821,0,,
80822,0,,
80823,0,,
80824,0,,
80901,0,,
80902,0,,
80903,0,,
80904,0,,
80905,0,,
80906,0,,
80907,0,,
80908,0,,
80909,0,,
80910,0,,
80911,0,,
80912,0,,
80913,0,,
80914,0,,
80915,0,,
80916,0,,
80917,0,,
80918,0,,
80919,0,,
80920,0,,
80921,0,,
80922,0,,
80923,0,,
80924,0,,
81001,0,,
81002,0,,
81003,0,,
81004,0,,
81005,0,,
81006,0,,
81007,0,,
81008,0,,
81009,0,,
81010,0,,
81011,0,,
81012,0,,
81013,0,,
81014,0,,
81015,0,,
81016,0,,
81017,0,,
81018,0,,
81019,0,,
81020,0,,
81021,0,,
81022,0,,
81023,0,,
81024,0,,
81101,0,,
81102,0,,
81103,0,,
81104,0,,
81105,0,,
81106,0,,
81107,0,,
81108,0,,
81109,0,,
81110,0,,
81111,0,,
81112,0,,
81113,0,,
81114,0,,
81115,0,,
81116,0,,
81117,0,,
81118,0,,
81119,0,,
81120,0,,
81121,0,,
81122,0,,
81123,0,,
81124,0,,
81201,0,,
81202,0,,
81203,0,,
81204,0,,
81205,0,,
81206,0,,
81207,0,,
81208,0,,
81209,0,,
81210,0,,
81211,0,,
81212,0,,
81213,0,,
81214,0,,
81215,0,,
81216,0,,
81217,0,,
81218,0,,
81219,0,,
81220,0,,
81221,0,,
81222,0,,
81223,0,,
81224,0,,
81301,0,,
81302,0,,
81303,0,,
81304,0,,
81305,0,,
81306,0,,
81307,0,,
81308,0,,
81309,0,,
81310,0,,
81311,0,,
81312,0,,
81313,0,,
81314,0,,
81315,0,,
81316,0,,
81317,0,,
81318,0,,
81319,0,,
81320,0,,
81321,0,,
81322,0,,
81323,0,,
81324,0,,
81401,0,,
81402,0,,
81403,0,,
81404,0,,
81405,0,,
81406,0,,
81407,0,,
81408,0,,
81409,0,,
81410,2.78849E-15,,
81411,2.62914E-13,,
81412,9.80551E-11,,
81413,3.53302E-07,,
81414,2.0711E-05,,
81415,0.00061446,,
81416,0.001630432,,
81417,0.001908756,,
81418,0.004525266,,
81419,0.021980138,,
81420,0.016539158,,
81421,0.00052396,,
81422,1.41338E-09,,
81423,0,,
81424,0,,
81501,0,,
81502,0,,
81503,0,,
81504,0,,
81505,0,,
81506,0,,
81507,0,,
81508,0,,
81509,0,,
81510,0,,
81511,0,,
81512,0,,
81513,0,,
81514,0,,
81515,0,,
81516,0,,
81517,0,,
81518,0,,
81519,0,,
81520,0,,
81521,0,,
81522,0,,
81523,0,,
81524,0,,
81601,0,,
81602,0,,
81603,0,,
81604,0,,
81605,0,,
81606,0,,
81607,0,,
81608,0,,
81609,0,,
81610,0,,
81611,0,,
81612,0,,
81613,5.04679E-17,,
81614,1.62108E-11,,
81615,1.1424E-07,,
81616,2.53188E-06,,
81617,5.78518E-06,,
81618,2.68301E-05,,
81619,0.000174844,,
81620,0.0002769,,
81621,8.43855E-07,,
81622,3.23092E-13,,
81623,0,,
81624,0,,
81701,0,,
81702,0,,
81703,0,,
81704,0,,
81705,0,,
81706,0,,
81707,0,,
81708,0,,
81709,0,,
81710,2.78849E-15,,
81711,2.62914E-13,,
81712,9.80551E-11,,
81713,3.53302E-07,,
81714,2.0711E-05,,
81715,0.00061446,,
81716,0.001630432,,
81717,0.001908756,,
81718,0.004525266,,
81719,0.021980138,,
81720,0.016539158,,
81721,0.00052396,,
81722,1.41338E-09,,
81723,0,,
81724,0,,
81801,0,,
81802,0,,
81803,0,,
81804,0,,
81805,0,,
81806,0,,
81807,0,,
81808,0,,
81809,0,,
81810,2.78849E-15,,
81811,2.62914E-13,,
81812,9.80551E-11,,
81813,3.53302E-07,,
81814,2.0711E-05,,
81815,0.00061446,,
81816,0.001630432,,
81817,0.001908756,,
81818,0.004525266,,
81819,0.021980138,,
81820,0.016539158,,
81821,0.00052396,,
81822,1.41338E-09,,
81823,0,,
81824,0,,
81901,0,,
81902,0,,
81903,0,,
81904,0,,
81905,0,,
81906,0,,
81907,0,,
81908,0,,
81909,0,,
81910,2.78849E-15,,
81911,2.62914E-13,,
81912,9.80551E-11,,
81913,3.53302E-07,,
81914,2.0711E-05,,
81915,0.00061446,,
81916,0.001630432,,
81917,0.001908756,,
81918,0.004525266,,
81919,0.021980138,,
81920,0.016539158,,
81921,0.00052396,,
81922,1.41338E-09,,
81923,0,,
81924,0,,
82001,0,,
82002,0,,
82003,0,,
82004,0,,
82005,0,,
82006,0,,
82007,0,,
82008,0,,
82009,0,,
82010,0,,
82011,0,,
82012,0,,
82013,0,,
82014,0,,
82015,0,,
82016,0,,
82017,0,,
82018,0,,
82019,0,,
82020,0,,
82021,0,,
82022,0,,
82023,0,,
82024,0,,
82101,0,,
82102,0,,
82103,0,,
82104,0,,
82105,0,,
82106,0,,
82107,0,,
82108,0,,
82109,0,,
82110,0,,
82111,0,,
82112,0,,
82113,0,,
82114,0,,
82115,0,,
82116,0,,
82117,0,,
82118,0,,
82119,0,,
82120,0,,
82121,0,,
82122,0,,
82123,0,,
82124,0,,
82201,0,,
82202,0,,
82203,0,,
82204,0,,
82205,0,,
82206,0,,
82207,0,,
82208,0,,
82209,0,,
82210,0,,
82211,0,,
82212,0,,
82213,0,,
82214,0,,
82215,0,,
82216,0,,
82217,0,,
82218,0,,
82219,0,,
82220,0,,
82221,0,,
82222,0,,
82223,0,,
82224,0,,
82301,0,,
82302,0,,
82303,0,,
82304,0,,
82305,0,,
82306,0,,
82307,0,,
82308,0,,
82309,0,,
82310,0,,
82311,0,,
82312,0,,
82313,0,,
82314,0,,
82315,0,,
82316,0,,
82317,0,,
82318,0,,
82319,0,,
82320,0,,
82321,0,,
82322,0,,
82323,0,,
82324,0,,
82401,0,,
82402,0,,
82403,0,,
82404,0,,
82405,0,,
82406,0,,
82407,0,,
82408,0,,
82409,0,,
82410,0,,
82411,0,,
82412,0,,
82413,0,,
82414,0,,
82415,0,,
82416,0,,
82417,0,,
82418,0,,
82419,0,,
82420,0,,
82421,0,,
82422,0,,
82423,0,,
82424,0,,
82501,0,,
82502,0,,
82503,0,,
82504,0,,
82505,0,,
82506,0,,
82507,0,,
82508,0,,
82509,0,,
82510,0,,
82511,0,,
82512,0,,
82513,0,,
82514,0,,
82515,0,,
82516,0,,
82517,0,,
82518,0,,
82519,0,,
82520,0,,
82521,0,,
82522,0,,
82523,0,,
82524,0,,
82601,0,,
82602,0,,
82603,0,,
82604,0,,
82605,0,,
82606,0,,
82607,0,,
82608,0,,
82609,0,,
82610,2.78849E-15,,
82611,2.62914E-13,,
82612,9.80551E-11,,
82613,3.53302E-07,,
82614,2.0711E-05,,
82615,0.00061446,,
82616,0.001630432,,
82617,0.001908756,,
82618,0.004525266,,
82619,0.021980138,,
82620,0.016539158,,
82621,0.00052396,,
82622,1.41338E-09,,
82623,0,,
82624,0,,
82701,0,,
82702,0,,
82703,0,,
82704,0,,
82705,0,,
82706,0,,
82707,0,,
82708,0,,
82709,0,,
82710,2.78849E-15,,
82711,2.62914E-13,,
82712,9.80551E-11,,
82713,3.53302E-07,,
82714,2.0711E-05,,
82715,0.00061446,,
82716,0.001630432,,
82717,0.001908756,,
82718,0.004525266,,
82719,0.021980138,,
82720,0.016539158,,
82721,0.00052396,,
82722,1.41338E-09,,
82723,0,,
82724,0,,
82801,0,,
82802,0,,
82803,0,,
82804,0,,
82805,0,,
82806,0,,
82807,0,,
82808,0,,
82809,0,,
82810,0,,
82811,0,,
82812,0,,
82813,0,,
82814,0,,
82815,0,,
82816,0,,
82817,0,,
82818,0,,
82819,0,,
82820,0,,
82821,0,,
82822,0,,
82823,0,,
82824,0,,
82901,0,,
82902,0,,
82903,0,,
82904,0,,
82905,0,,
82906,0,,
82907,0,,
82908,0,,
82909,0,,
82910,0,,
82911,0,,
82912,0,,
82913,0,,
82914,0,,
82915,0,,
82916,0,,
82917,0,,
82918,0,,
82919,0,,
82920,0,,
82921,0,,
82922,0,,
82923,0,,
82924,0,,
83001,0,,
83002,0,,
83003,0,,
83004,0,,
83005,0,,
83006,0,,
83007,0,,
83008,0,,
83009,0,,
83010,0,,
83011,0,,
83012,0,,
83013,0,,
83014,0,,
83015,0,,
83016,0,,
83017,0,,
83018,0,,
83019,0,,
83020,0,,
83021,0,,
83022,0,,
83023,0,,
83024,0,,
83101,0,,
83102,0,,
83103,0,,
83104,0,,
83105,0,,
83106,0,,
83107,0,,
83108,0,,
83109,0,,
83110,0,,
83111,0,,
83112,0,,
83113,0,,
83114,0,,
83115,0,,
83116,0,,
83117,0,,
83118,0,,
83119,0,,
83120,0,,
83121,0,,
83122,0,,
83123,0,,
83124,0,,
90101,0,,
90102,0,,
90103,0,,
90104,0,,
90105,0,,
90106,0,,
90107,0,,
90108,5.07233E-17,,
90109,1.97888E-13,,
90110,2.47201E-13,,
90111,2.26633E-10,,
90112,1.90431E-08,,
90113,6.50576E-07,,
90114,1.87882E-05,,
90115,0.000404246,,
90116,0.001336967,,
90117,0.001714633,,
90118,0.023711053,,
90119,0.028819762,,
90120,0.009634446,,
90121,0.000205954,,
90122,4.49266E-08,,
90123,0,,
90124,0,,
90201,0,,
90202,0,,
90203,0,,
90204,0,,
90205,0,,
90206,0,,
90207,0,,
90208,5.07233E-17,,
90209,1.97888E-13,,
90210,2.47201E-13,,
90211,2.26633E-10,,
90212,1.90431E-08,,
90213,6.50576E-07,,
90214,1.87882E-05,,
90215,0.000404246,,
90216,0.001336967,,
90217,0.001714633,,
90218,0.023711053,,
90219,0.028819762,,
90220,0.009634446,,
90221,0.000205954,,
90222,4.49266E-08,,
90223,0,,
90224,0,,
90301,0,,
90302,0,,
90303,0,,
90304,0,,
90305,0,,
90306,0,,
90307,0,,
90308,5.07233E-17,,
90309,1.97888E-13,,
90310,2.47201E-13,,
90311,2.26633E-10,,
90312,1.90431E-08,,
90313,6.50576E-07,,
90314,1.87882E-05,,
90315,0.000404246,,
90316,0.001336967,,
90317,0.001714633,,
90318,0.023711053,,
90319,0.028819762,,
90320,0.009634446,,
90321,0.000205954,,
90322,4.49266E-08,,
90323,0,,
90324,0,,
90401,0,,
90402,0,,
90403,0,,
90404,0,,
90405,0,,
90406,0,,
90407,0,,
90408,0,,
90409,0,,
90410,0,,
90411,0,,
90412,0,,
90413,0,,
90414,0,,
90415,0,,
90416,0,,
90417,0,,
90418,0,,
90419,0,,
90420,0,,
90421,0,,
90422,0,,
90423,0,,
90424,0,,
90501,0,,
90502,0,,
90503,0,,
90504,0,,
90505,0,,
90506,0,,
90507,0,,
90508,0,,
90509,0,,
90510,0,,
90511,0,,
90512,0,,
90513,0,,
90514,0,,
90515,0,,
90516,0,,
90517,0,,
90518,0,,
90519,0,,
90520,0,,
90521,0,,
90522,0,,
90523,0,,
90524,0,,
90601,0,,
90602,0,,
90603,0,,
90604,0,,
90605,0,,
90606,0,,
90607,0,,
90608,0,,
90609,0,,
90610,0,,
90611,0,,
90612,0,,
90613,0,,
90614,0,,
90615,0,,
90616,0,,
90617,0,,
90618,0,,
90619,0,,
90620,0,,
90621,0,,
90622,0,,
90623,0,,
90624,0,,
90701,0,,
90702,0,,
90703,0,,
90704,0,,
90705,0,,
90706,0,,
90707,0,,
90708,0,,
90709,0,,
90710,0,,
90711,0,,
90712,0,,
90713,0,,
90714,0,,
90715,0,,
90716,0,,
90717,0,,
90718,0,,
90719,0,,
90720,0,,
90721,0,,
90722,0,,
90723,0,,
90724,0,,
90801,0,,
90802,0,,
90803,0,,
90804,0,,
90805,0,,
90806,0,,
90807,0,,
90808,0,,
90809,0,,
90810,0,,
90811,0,,
90812,0,,
90813,0,,
90814,0,,
90815,0,,
90816,0,,
90817,0,,
90818,0,,
90819,0,,
90820,0,,
90821,0,,
90822,0,,
90823,0,,
90824,0,,
90901,0,,
90902,0,,
90903,0,,
90904,0,,
90905,0,,
90906,0,,
90907,0,,
90908,0,,
90909,0,,
90910,0,,
90911,0,,
90912,0,,
90913,0,,
90914,0,,
90915,0,,
90916,0,,
90917,0,,
90918,0,,
90919,0,,
90920,0,,
90921,0,,
90922,0,,
90923,0,,
90924,0,,
91001,0,,
91002,0,,
91003,0,,
91004,0,,
91005,0,,
91006,0,,
91007,0,,
91008,5.07233E-17,,
91009,1.97888E-13,,
91010,2.47201E-13,,
91011,2.26633E-10,,
91012,1.90431E-08,,
91013,6.50576E-07,,
91014,1.87882E-05,,
91015,0.000404246,,
91016,0.001336967,,
91017,0.001714633,,
91018,0.023711053,,
91019,0.028819762,,
91020,0.009634446,,
91021,0.000205954,,
91022,4.49266E-08,,
91023,0,,
91024,0,,
91101,0,,
91102,0,,
91103,0,,
91104,0,,
91105,0,,
91106,0,,
91107,0,,
91108,0,,
91109,0,,
91110,0,,
91111,0,,
91112,0,,
91113,0,,
91114,0,,
91115,0,,
91116,0,,
91117,0,,
91118,0,,
91119,0,,
91120,0,,
91121,0,,
91122,0,,
91123,0,,
91124,0,,
91201,0,,
91202,0,,
91203,0,,
91204,0,,
91205,0,,
91206,0,,
91207,0,,
91208,0,,
91209,0,,
91210,0,,
91211,0,,
91212,0,,
91213,0,,
91214,0,,
91215,0,,
91216,0,,
91217,0,,
91218,0,,
91219,0,,
91220,0,,
91221,0,,
91222,0,,
91223,0,,
91224,0,,
91301,0,,
91302,0,,
91303,0,,
91304,0,,
91305,0,,
91306,0,,
91307,0,,
91308,0,,
91309,0,,
91310,0,,
91311,0,,
91312,0,,
91313,0,,
91314,0,,
91315,0,,
91316,0,,
91317,0,,
91318,0,,
91319,0,,
91320,0,,
91321,0,,
91322,0,,
91323,0,,
91324,0,,
91401,0,,
91402,0,,
91403,0,,
91404,0,,
91405,0,,
91406,0,,
91407,0,,
91408,0,,
91409,0,,
91410,0,,
91411,0,,
91412,0,,
91413,0,,
91414,0,,
91415,0,,
91416,0,,
91417,0,,
91418,0,,
91419,0,,
91420,0,,
91421,0,,
91422,0,,
91423,0,,
91424,0,,
91501,0,,
91502,0,,
91503,0,,
91504,0,,
91505,0,,
91506,0,,
91507,0,,
91508,0,,
91509,0,,
91510,0,,
91511,0,,
91512,0,,
91513,0,,
91514,0,,
91515,0,,
91516,0,,
91517,0,,
91518,0,,
91519,0,,
91520,0,,
91521,0,,
91522,0,,
91523,0,,
91524,0,,
91601,0,,
91602,0,,
91603,0,,
91604,0,,
91605,0,,
91606,0,,
91607,0,,
91608,0,,
91609,0,,
91610,0,,
91611,0,,
91612,0,,
91613,0,,
91614,0,,
91615,0,,
91616,0,,
91617,0,,
91618,0,,
91619,0,,
91620,0,,
91621,0,,
91622,0,,
91623,0,,
91624,0,,
91701,0,,
91702,0,,
91703,0,,
91704,0,,
91705,0,,
91706,0,,
91707,0,,
91708,0,,
91709,0,,
91710,0,,
91711,0,,
91712,0,,
91713,0,,
91714,0,,
91715,0,,
91716,0,,
91717,0,,
91718,0,,
91719,0,,
91720,0,,
91721,0,,
91722,0,,
91723,0,,
91724,0,,
91801,0,,
91802,0,,
91803,0,,
91804,0,,
91805,0,,
91806,0,,
91807,0,,
91808,0,,
91809,0,,
91810,0,,
91811,0,,
91812,0,,
91813,0,,
91814,0,,
91815,0,,
91816,0,,
91817,0,,
91818,0,,
91819,0,,
91820,0,,
91821,0,,
91822,0,,
91823,0,,
91824,0,,
91901,0,,
91902,0,,
91903,0,,
91904,0,,
91905,0,,
91906,0,,
91907,0,,
91908,0,,
91909,0,,
91910,0,,
91911,0,,
91912,0,,
91913,0,,
91914,0,,
91915,0,,
91916,0,,
91917,0,,
91918,0,,
91919,0,,
91920,0,,
91921,0,,
91922,0,,
91923,0,,
91924,0,,
92001,0,,
92002,0,,
92003,0,,
92004,0,,
92005,0,,
92006,0,,
92007,0,,
92008,0,,
92009,0,,
92010,0,,
92011,0,,
92012,0,,
92013,0,,
92014,0,,
92015,0,,
92016,0,,
92017,0,,
92018,0,,
92019,0,,
92020,0,,
92021,0,,
92022,0,,
92023,0,,
92024,0,,
92101,0,,
92102,0,,
92103,0,,
92104,0,,
92105,0,,
92106,0,,
92107,0,,
92108,0,,
92109,0,,
92110,0,,
92111,0,,
92112,0,,
92113,0,,
92114,0,,
92115,0,,
92116,0,,
92117,0,,
92118,0,,
92119,0,,
92120,0,,
92121,0,,
92122,0,,
92123,0,,
92124,0,,
92201,0,,
92202,0,,
92203,0,,
92204,0,,
92205,0,,
92206,0,,
92207,0,,
92208,5.07233E-17,,
92209,1.97888E-13,,
92210,2.47201E-13,,
92211,2.26633E-10,,
92212,1.90431E-08,,
92213,6.50576E-07,,
92214,1.87882E-05,,
92215,0.000404246,,
92216,0.001336967,,
92217,0.001714633,,
92218,0.023711053,,
92219,0.028819762,,
92220,0.009634446,,
92221,0.000205954,,
92222,4.49266E-08,,
92223,0,,
92224,0,,
92301,0,,
92302,0,,
92303,0,,
92304,0,,
92305,0,,
92306,0,,
92307,0,,
92308,5.07233E-17,,
92309,1.97888E-13,,
92310,2.47201E-13,,
92311,2.26633E-10,,
92312,1.90431E-08,,
92313,6.50576E-07,,
92314,1.87882E-05,,
92315,0.000404246,,
92316,0.001336967,,
92317,0.001714633,,
92318,0.023711053,,
92319,0.028819762,,
92320,0.009634446,,
92321,0.000205954,,
92322,4.49266E-08,,
92323,0,,
92324,0,,
92401,0,,
92402,0,,
92403,0,,
92404,0,,
92405,0,,
92406,0,,
92407,0,,
92408,5.07233E-17,,
92409,1.97888E-13,,
92410,2.47201E-13,,
92411,2.26633E-10,,
92412,1.90431E-08,,
92413,6.50576E-07,,
92414,1.87882E-05,,
92415,0.000404246,,
92416,0.001336967,,
92417,0.001714633,,
92418,0.023711053,,
92419,0.028819762,,
92420,0.009634446,,
92421,0.000205954,,
92422,4.49266E-08,,
92423,0,,
92424,0,,
92501,0,,
92502,0,,
92503,0,,
92504,0,,
92505,0,,
92506,0,,
92507,0,,
92508,0,,
92509,0,,
92510,0,,
92511,0,,
92512,0,,
92513,0,,
92514,0,,
92515,0,,
92516,0,,
92517,0,,
92518,0,,
92519,0,,
92520,0,,
92521,0,,
92522,0,,
92523,0,,
92524,0,,
92601,0,,
92602,0,,
92603,0,,
92604,0,,
92605,0,,
92606,0,,
92607,0,,
92608,0,,
92609,0,,
92610,0,,
92611,0,,
92612,0,,
92613,0,,
92614,0,,
92615,0,,
92616,0,,
92617,0,,
92618,0,,
92619,0,,
92620,0,,
92621,0,,
92622,0,,
92623,0,,
92624,0,,
92701,0,,
92702,0,,
92703,0,,
92704,0,,
92705,0,,
92706,0,,
92707,0,,
92708,0,,
92709,0,,
92710,0,,
92711,0,,
92712,0,,
92713,0,,
92714,0,,
92715,0,,
92716,0,,
92717,0,,
92718,0,,
92719,0,,
92720,0,,
92721,0,,
92722,0,,
92723,0,,
92724,0,,
92801,0,,
92802,0,,
92803,0,,
92804,0,,
92805,0,,
92806,0,,
92807,0,,
92808,0,,
92809,0,,
92810,0,,
92811,0,,
92812,0,,
92813,0,,
92814,0,,
92815,0,,
92816,0,,
92817,0,,
92818,0,,
92819,0,,
92820,0,,
92821,0,,
92822,0,,
92823,0,,
92824,0,,
92901,0,,
92902,0,,
92903,0,,
92904,0,,
92905,0,,
92906,0,,
92907,0,,
92908,0,,
92909,0,,
92910,0,,
92911,0,,
92912,0,,
92913,0,,
92914,0,,
92915,0,,
92916,0,,
92917,0,,
92918,0,,
92919,0,,
92920,0,,
92921,0,,
92922,0,,
92923,0,,
92924,0,,
93001,0,,
93002,0,,
93003,0,,
93004,0,,
93005,0,,
93006,0,,
93007,0,,
93008,0,,
93009,0,,
93010,0,,
93011,0,,
93012,0,,
93013,0,,
93014,0,,
93015,0,,
93016,0,,
93017,0,,
93018,0,,
93019,0,,
93020,0,,
93021,0,,
93022,0,,
93023,0,,
93024,0,,
100101,0,,
100102,0,,
100103,0,,
100104,0,,
100105,0,,
100106,0,,
100107,0,,
100108,0,,
100109,0,,
100110,0,,
100111,0,,
100112,0,,
100113,0,,
100114,0,,
100115,0,,
100116,0,,
100117,0,,
100118,0,,
100119,0,,
100120,0,,
100121,0,,
100122,0,,
100123,0,,
100124,0,,
100201,0,,
100202,0,,
100203,0,,
100204,0,,
100205,0,,
100206,0,,
100207,0,,
100208,0,,
100209,0,,
100210,0,,
100211,0,,
100212,0,,
100213,0,,
100214,0,,
100215,0,,
100216,0,,
100217,0,,
100218,0,,
100219,0,,
100220,0,,
100221,0,,
100222,0,,
100223,0,,
100224,0,,
100301,0,,
100302,0,,
100303,0,,
100304,0,,
100305,0,,
100306,0,,
100307,0,,
100308,0,,
100309,0,,
100310,0,,
100311,0,,
100312,0,,
100313,0,,
100314,0,,
100315,0,,
100316,0,,
100317,0,,
100318,0,,
100319,0,,
100320,0,,
100321,0,,
100322,0,,
100323,0,,
100324,0,,
100401,0,,
100402,0,,
100403,0,,
100404,0,,
100405,0,,
100406,0,,
100407,0,,
100408,0,,
100409,0,,
100410,0,,
100411,0,,
100412,0,,
100413,0,,
100414,0,,
100415,0,,
100416,0,,
100417,0,,
100418,0,,
100419,0,,
100420,0,,
100421,0,,
100422,0,,
100423,0,,
100424,0,,
100501,0,,
100502,0,,
100503,0,,
100504,0,,
100505,0,,
100506,0,,
100507,0,,
100508,0,,
100509,0,,
100510,0,,
100511,0,,
100512,0,,
100513,0,,
100514,0,,
100515,0,,
100516,0,,
100517,0,,
100518,0,,
100519,0,,
100520,0,,
100521,0,,
100522,0,,
100523,0,,
100524,0,,
100601,0,,
100602,0,,
100603,0,,
100604,0,,
100605,0,,
100606,0,,
100607,0,,
100608,0,,
100609,0,,
100610,0,,
100611,0,,
100612,0,,
100613,0,,
100614,0,,
100615,0,,
100616,0,,
100617,0,,
100618,0,,
100619,0,,
100620,0,,
100621,0,,
100622,0,,
100623,0,,
100624,0,,
100701,0,,
100702,0,,
100703,0,,
100704,0,,
100705,0,,
100706,0,,
100707,0,,
100708,0,,
100709,0,,
100710,0,,
100711,0,,
100712,0,,
100713,0,,
100714,0,,
100715,0,,
100716,0,,
100717,0,,
100718,0,,
100719,0,,
100720,0,,
100721,0,,
100722,0,,
100723,0,,
100724,0,,
100801,0,,
100802,0,,
100803,0,,
100804,0,,
100805,0,,
100806,0,,
100807,0,,
100808,0,,
100809,0,,
100810,0,,
100811,0,,
100812,0,,
100813,0,,
100814,0,,
100815,0,,
100816,0,,
100817,0,,
100818,0,,
100819,0,,
100820,0,,
100821,0,,
100822,0,,
100823,0,,
100824,0,,
100901,0,,
100902,0,,
100903,0,,
100904,0,,
100905,0,,
100906,0,,
100907,0,,
100908,0,,
100909,0,,
100910,0,,
100911,0,,
100912,0,,
100913,0,,
100914,0,,
100915,0,,
100916,0,,
100917,0,,
100918,0,,
100919,0,,
100920,0,,
100921,0,,
100922,0,,
100923,0,,
100924,0,,
101001,0,,
101002,0,,
101003,0,,
101004,0,,
101005,0,,
101006,0,,
101007,0,,
101008,0,,
101009,0,,
101010,0,,
101011,0,,
101012,0,,
101013,0,,
101014,0,,
101015,0,,
101016,0,,
101017,0,,
101018,0,,
101019,0,,
101020,0,,
101021,0,,
101022,0,,
101023,0,,
101024,0,,
101101,0,,
101102,0,,
101103,0,,
101104,0,,
101105,0,,
101106,0,,
101107,0,,
101108,0,,
101109,0,,
101110,0,,
101111,0,,
101112,0,,
101113,0,,
101114,0,,
101115,0,,
101116,0,,
101117,0,,
101118,0,,
101119,0,,
101120,0,,
101121,0,,
101122,0,,
101123,0,,
101124,0,,
101201,0,,
101202,0,,
101203,0,,
101204,0,,
101205,0,,
101206,0,,
101207,0,,
101208,0,,
101209,0,,
101210,0,,
101211,0,,
101212,0,,
101213,0,,
101214,0,,
101215,0,,
101216,0,,
101217,0,,
101218,0,,
101219,0,,
101220,0,,
101221,0,,
101222,0,,
101223,0,,
101224,0,,
101301,0,,
101302,0,,
101303,0,,
101304,0,,
101305,0,,
101306,0,,
101307,0,,
101308,0,,
101309,0,,
101310,0,,
101311,0,,
101312,0,,
101313,0,,
101314,0,,
101315,0,,
101316,0,,
101317,0,,
101318,0,,
101319,0,,
101320,0,,
101321,0,,
101322,0,,
101323,0,,
101324,0,,
101401,0,,
101402,0,,
101403,0,,
101404,0,,
101405,0,,
101406,0,,
101407,0,,
101408,0,,
101409,0,,
101410,0,,
101411,0,,
101412,0,,
101413,0,,
101414,0,,
101415,0,,
101416,0,,
101417,0,,
101418,0,,
101419,0,,
101420,0,,
101421,0,,
101422,0,,
101423,0,,
101424,0,,
101501,0,,
101502,0,,
101503,0,,
101504,0,,
101505,0,,
101506,0,,
101507,0,,
101508,0,,
101509,0,,
101510,0,,
101511,0,,
101512,0,,
101513,0,,
101514,0,,
101515,0,,
101516,0,,
101517,0,,
101518,0,,
101519,0,,
101520,0,,
101521,0,,
101522,0,,
101523,0,,
101524,0,,
101601,0,,
101602,0,,
101603,0,,
101604,0,,
101605,0,,
101606,0,,
101607,0,,
101608,0,,
101609,0,,
101610,0,,
101611,0,,
101612,0,,
101613,0,,
101614,0,,
101615,0,,
101616,0,,
101617,0,,
101618,0,,
101619,0,,
101620,0,,
101621,0,,
101622,0,,
101623,0,,
101624,0,,
101701,0,,
101702,0,,
101703,0,,
101704,0,,
101705,0,,
101706,0,,
101707,0,,
101708,0,,
101709,0,,
101710,0,,
101711,0,,
101712,0,,
101713,0,,
101714,0,,
101715,0,,
101716,0,,
101717,0,,
101718,0,,
101719,0,,
101720,0,,
101721,0,,
101722,0,,
101723,0,,
101724,0,,
101801,0,,
101802,0,,
101803,0,,
101804,0,,
101805,0,,
101806,0,,
101807,0,,
101808,0,,
101809,0,,
101810,0,,
101811,0,,
101812,0,,
101813,0,,
101814,0,,
101815,0,,
101816,0,,
101817,0,,
101818,0,,
101819,0,,
101820,0,,
101821,0,,
101822,0,,
101823,0,,
101824,0,,
101901,0,,
101902,0,,
101903,0,,
101904,0,,
101905,0,,
101906,0,,
101907,0,,
101908,0,,
101909,0,,
101910,0,,
101911,0,,
101912,0,,
101913,0,,
101914,0,,
101915,0,,
101916,0,,
101917,0,,
101918,0,,
101919,0,,
101920,0,,
101921,0,,
101922,0,,
101923,0,,
101924,0,,
102001,0,,
102002,0,,
102003,0,,
102004,0,,
102005,0,,
102006,0,,
102007,0,,
102008,0,,
102009,0,,
102010,0,,
102011,0,,
102012,0,,
102013,0,,
102014,0,,
102015,0,,
102016,0,,
102017,0,,
102018,0,,
102019,0,,
102020,0,,
102021,0,,
102022,0,,
102023,0,,
102024,0,,
102101,0,,
102102,0,,
102103,0,,
102104,0,,
102105,0,,
102106,0,,
102107,0,,
102108,0,,
102109,0,,
102110,0,,
102111,0,,
102112,0,,
102113,0,,
102114,0,,
102115,0,,
102116,0,,
102117,0,,
102118,0,,
102119,0,,
102120,0,,
102121,0,,
102122,0,,
102123,0,,
102124,0,,
102201,0,,
102202,0,,
102203,0,,
102204,0,,
102205,0,,
102206,0,,
102207,0,,
102208,0,,
102209,0,,
102210,0,,
102211,0,,
102212,0,,
102213,0,,
102214,0,,
102215,0,,
102216,0,,
102217,0,,
102218,0,,
102219,0,,
102220,0,,
102221,0,,
102222,0,,
102223,0,,
102224,0,,
102301,0,,
102302,0,,
102303,0,,
102304,0,,
102305,0,,
102306,0,,
102307,0,,
102308,0,,
102309,0,,
102310,0,,
102311,0,,
102312,0,,
102313,0,,
102314,0,,
102315,0,,
102316,0,,
102317,0,,
102318,0,,
102319,0,,
102320,0,,
102321,0,,
102322,0,,
102323,0,,
102324,0,,
102401,0,,
102402,0,,
102403,0,,
102404,0,,
102405,0,,
102406,0,,
102407,0,,
102408,0,,
102409,0,,
102410,0,,
102411,0,,
102412,0,,
102413,0,,
102414,0,,
102415,0,,
102416,0,,
102417,0,,
102418,0,,
102419,0,,
102420,0,,
102421,0,,
102422,0,,
102423,0,,
102424,0,,
102501,0,,
102502,0,,
102503,0,,
102504,0,,
102505,0,,
102506,0,,
102507,0,,
102508,0,,
102509,0,,
102510,0,,
102511,0,,
102512,0,,
102513,0,,
102514,0,,
102515,0,,
102516,0,,
102517,0,,
102518,0,,
102519,0,,
102520,0,,
102521,0,,
102522,0,,
102523,0,,
102524,0,,
102601,0,,
102602,0,,
102603,0,,
102604,0,,
102605,0,,
102606,0,,
102607,0,,
102608,0,,
102609,0,,
102610,0,,
102611,0,,
102612,0,,
102613,0,,
102614,0,,
102615,0,,
102616,0,,
102617,0,,
102618,0,,
102619,0,,
102620,0,,
102621,0,,
102622,0,,
102623,0,,
102624,0,,
102701,0,,
102702,0,,
102703,0,,
102704,0,,
102705,0,,
102706,0,,
102707,0,,
102708,0,,
102709,0,,
102710,0,,
102711,0,,
102712,0,,
102713,0,,
102714,0,,
102715,0,,
102716,0,,
102717,0,,
102718,0,,
102719,0,,
102720,0,,
102721,0,,
102722,0,,
102723,0,,
102724,0,,
102801,0,,
102802,0,,
102803,0,,
102804,0,,
102805,0,,
102806,0,,
102807,0,,
102808,0,,
102809,0,,
102810,0,,
102811,0,,
102812,0,,
102813,0,,
102814,0,,
102815,0,,
102816,0,,
102817,0,,
102818,0,,
102819,0,,
102820,0,,
102821,0,,
102822,0,,
102823,0,,
102824,0,,
102901,0,,
102902,0,,
102903,0,,
102904,0,,
102905,0,,
102906,0,,
102907,0,,
102908,0,,
102909,0,,
102910,0,,
102911,0,,
102912,0,,
102913,0,,
102914,0,,
102915,0,,
102916,0,,
102917,0,,
102918,0,,
102919,0,,
102920,0,,
102921,0,,
102922,0,,
102923,0,,
102924,0,,
103001,0,,
103002,0,,
103003,0,,
103004,0,,
103005,0,,
103006,0,,
103007,0,,
103008,0,,
103009,0,,
103010,0,,
103011,0,,
103012,0,,
103013,0,,
103014,0,,
103015,0,,
103016,0,,
103017,0,,
103018,0,,
103019,0,,
103020,0,,
103021,0,,
103022,0,,
103023,0,,
103024,0,,
103101,0,,
103102,0,,
103103,0,,
103104,0,,
103105,0,,
103106,0,,
103107,0,,
103108,0,,
103109,0,,
103110,0,,
103111,0,,
103112,0,,
103113,0,,
103114,0,,
103115,0,,
103116,0,,
103117,0,,
103118,0,,
103119,0,,
103120,0,,
103121,0,,
103122,0,,
103123,0,,
103124,0,,
110101,0,,
110102,0,,
110103,0,,
110104,0,,
110105,0,,
110106,0,,
110107,0,,
110108,0,,
110109,0,,
110110,0,,
110111,0,,
110112,0,,
110113,0,,
110114,0,,
110115,0,,
110116,0,,
110117,0,,
110118,0,,
110119,0,,
110120,0,,
110121,0,,
110122,0,,
110123,0,,
110124,0,,
110201,0,,
110202,0,,
110203,0,,
110204,0,,
110205,0,,
110206,0,,
110207,0,,
110208,0,,
110209,0,,
110210,0,,
110211,0,,
110212,0,,
110213,0,,
110214,0,,
110215,0,,
110216,0,,
110217,0,,
110218,0,,
110219,0,,
110220,0,,
110221,0,,
110222,0,,
110223,0,,
110224,0,,
110301,0,,
110302,0,,
110303,0,,
110304,0,,
110305,0,,
110306,0,,
110307,0,,
110308,0,,
110309,0,,
110310,0,,
110311,0,,
110312,0,,
110313,0,,
110314,0,,
110315,0,,
110316,0,,
110317,0,,
110318,0,,
110319,0,,
110320,0,,
110321,0,,
110322,0,,
110323,0,,
110324,0,,
110401,0,,
110402,0,,
110403,0,,
110404,0,,
110405,0,,
110406,0,,
110407,0,,
110408,0,,
110409,0,,
110410,0,,
110411,0,,
110412,0,,
110413,0,,
110414,0,,
110415,0,,
110416,0,,
110417,0,,
110418,0,,
110419,0,,
110420,0,,
110421,0,,
110422,0,,
110423,0,,
110424,0,,
110501,0,,
110502,0,,
110503,0,,
110504,0,,
110505,0,,
110506,0,,
110507,0,,
110508,0,,
110509,0,,
110510,0,,
110511,0,,
110512,0,,
110513,0,,
110514,0,,
110515,0,,
110516,0,,
110517,0,,
110518,0,,
110519,0,,
110520,0,,
110521,0,,
110522,0,,
110523,0,,
110524,0,,
110601,0,,
110602,0,,
110603,0,,
110604,0,,
110605,0,,
110606,0,,
110607,0,,
110608,0,,
110609,0,,
110610,0,,
110611,0,,
110612,0,,
110613,0,,
110614,0,,
110615,0,,
110616,0,,
110617,0,,
110618,0,,
110619,0,,
110620,0,,
110621,0,,
110622,0,,
110623,0,,
110624,0,,
110701,0,,
110702,0,,
110703,0,,
110704,0,,
110705,0,,
110706,0,,
110707,0,,
110708,0,,
110709,0,,
110710,0,,
110711,0,,
110712,0,,
110713,0,,
110714,0,,
110715,0,,
110716,0,,
110717,0,,
110718,0,,
110719,0,,
110720,0,,
110721,0,,
110722,0,,
110723,0,,
110724,0,,
110801,0,,
110802,0,,
110803,0,,
110804,0,,
110805,0,,
110806,0,,
110807,0,,
110808,0,,
110809,0,,
110810,0,,
110811,0,,
110812,0,,
110813,0,,
110814,0,,
110815,0,,
110816,0,,
110817,0,,
110818,0,,
110819,0,,
110820,0,,
110821,0,,
110822,0,,
110823,0,,
110824,0,,
110901,0,,
110902,0,,
110903,0,,
110904,0,,
110905,0,,
110906,0,,
110907,0,,
110908,0,,
110909,0,,
110910,0,,
110911,0,,
110912,0,,
110913,0,,
110914,0,,
110915,0,,
110916,0,,
110917,0,,
110918,0,,
110919,0,,
110920,0,,
110921,0,,
110922,0,,
110923,0,,
110924,0,,
111001,0,,
111002,0,,
111003,0,,
111004,0,,
111005,0,,
111006,0,,
111007,0,,
111008,0,,
111009,0,,
111010,0,,
111011,0,,
111012,0,,
111013,0,,
111014,0,,
111015,0,,
111016,0,,
111017,0,,
111018,0,,
111019,0,,
111020,0,,
111021,0,,
111022,0,,
111023,0,,
111024,0,,
111101,0,,
111102,0,,
111103,0,,
111104,0,,
111105,0,,
111106,0,,
111107,0,,
111108,0,,
111109,0,,
111110,0,,
111111,0,,
111112,0,,
111113,0,,
111114,0,,
111115,0,,
111116,0,,
111117,0,,
111118,0,,
111119,0,,
111120,0,,
111121,0,,
111122,0,,
111123,0,,
111124,0,,
111201,0,,
111202,0,,
111203,0,,
111204,0,,
111205,0,,
111206,0,,
111207,0,,
111208,0,,
111209,0,,
111210,0,,
111211,0,,
111212,0,,
111213,0,,
111214,0,,
111215,0,,
111216,0,,
111217,0,,
111218,0,,
111219,0,,
111220,0,,
111221,0,,
111222,0,,
111223,0,,
111224,0,,
111301,0,,
111302,0,,
111303,0,,
111304,0,,
111305,0,,
111306,0,,
111307,0,,
111308,0,,
111309,0,,
111310,0,,
111311,0,,
111312,0,,
111313,0,,
111314,0,,
111315,0,,
111316,0,,
111317,0,,
111318,0,,
111319,0,,
111320,0,,
111321,0,,
111322,0,,
111323,0,,
111324,0,,
111401,0,,
111402,0,,
111403,0,,
111404,0,,
111405,0,,
111406,0,,
111407,0,,
111408,0,,
111409,0,,
111410,0,,
111411,0,,
111412,0,,
111413,0,,
111414,0,,
111415,0,,
111416,0,,
111417,0,,
111418,0,,
111419,0,,
111420,0,,
111421,0,,
111422,0,,
111423,0,,
111424,0,,
111501,0,,
111502,0,,
111503,0,,
111504,0,,
111505,0,,
111506,0,,
111507,0,,
111508,0,,
111509,0,,
111510,0,,
111511,0,,
111512,0,,
111513,0,,
111514,0,,
111515,0,,
111516,0,,
111517,0,,
111518,0,,
111519,0,,
111520,0,,
111521,0,,
111522,0,,
111523,0,,
111524,0,,
111601,0,,
111602,0,,
111603,0,,
111604,0,,
111605,0,,
111606,0,,
111607,0,,
111608,0,,
111609,0,,
111610,0,,
111611,0,,
111612,0,,
111613,0,,
111614,0,,
111615,0,,
111616,0,,
111617,0,,
111618,0,,
111619,0,,
111620,0,,
111621,0,,
111622,0,,
111623,0,,
111624,0,,
111701,0,,
111702,0,,
111703,0,,
111704,0,,
111705,0,,
111706,0,,
111707,0,,
111708,0,,
111709,0,,
111710,0,,
111711,0,,
111712,0,,
111713,0,,
111714,0,,
111715,0,,
111716,0,,
111717,0,,
111718,0,,
111719,0,,
111720,0,,
111721,0,,
111722,0,,
111723,0,,
111724,0,,
111801,0,,
111802,0,,
111803,0,,
111804,0,,
111805,0,,
111806,0,,
111807,0,,
111808,0,,
111809,0,,
111810,0,,
111811,0,,
111812,0,,
111813,0,,
111814,0,,
111815,0,,
111816,0,,
111817,0,,
111818,0,,
111819,0,,
111820,0,,
111821,0,,
111822,0,,
111823,0,,
111824,0,,
111901,0,,
111902,0,,
111903,0,,
111904,0,,
111905,0,,
111906,0,,
111907,0,,
111908,0,,
111909,0,,
111910,0,,
111911,0,,
111912,0,,
111913,0,,
111914,0,,
111915,0,,
111916,0,,
111917,0,,
111918,0,,
111919,0,,
111920,0,,
111921,0,,
111922,0,,
111923,0,,
111924,0,,
112001,0,,
112002,0,,
112003,0,,
112004,0,,
112005,0,,
112006,0,,
112007,0,,
112008,0,,
112009,0,,
112010,0,,
112011,0,,
112012,0,,
112013,0,,
112014,0,,
112015,0,,
112016,0,,
112017,0,,
112018,0,,
112019,0,,
112020,0,,
112021,0,,
112022,0,,
112023,0,,
112024,0,,
112101,0,,
112102,0,,
112103,0,,
112104,0,,
112105,0,,
112106,0,,
112107,0,,
112108,0,,
112109,0,,
112110,0,,
112111,0,,
112112,0,,
112113,0,,
112114,0,,
112115,0,,
112116,0,,
112117,0,,
112118,0,,
112119,0,,
112120,0,,
112121,0,,
112122,0,,
112123,0,,
112124,0,,
112201,0,,
112202,0,,
112203,0,,
112204,0,,
112205,0,,
112206,0,,
112207,0,,
112208,0,,
112209,0,,
112210,0,,
112211,0,,
112212,0,,
112213,0,,
112214,0,,
112215,0,,
112216,0,,
112217,0,,
112218,0,,
112219,0,,
112220,0,,
112221,0,,
112222,0,,
112223,0,,
112224,0,,
112301,0,,
112302,0,,
112303,0,,
112304,0,,
112305,0,,
112306,0,,
112307,0,,
112308,0,,
112309,0,,
112310,0,,
112311,0,,
112312,0,,
112313,0,,
112314,0,,
112315,0,,
112316,0,,
112317,0,,
112318,0,,
112319,0,,
112320,0,,
112321,0,,
112322,0,,
112323,0,,
112324,0,,
112401,0,,
112402,0,,
112403,0,,
112404,0,,
112405,0,,
112406,0,,
112407,0,,
112408,0,,
112409,0,,
112410,0,,
112411,0,,
112412,0,,
112413,0,,
112414,0,,
112415,0,,
112416,0,,
112417,0,,
112418,0,,
112419,0,,
112420,0,,
112421,0,,
112422,0,,
112423,0,,
112424,0,,
112501,0,,
112502,0,,
112503,0,,
112504,0,,
112505,0,,
112506,0,,
112507,0,,
112508,0,,
112509,0,,
112510,0,,
112511,0,,
112512,0,,
112513,0,,
112514,0,,
112515,0,,
112516,0,,
112517,0,,
112518,0,,
112519,0,,
112520,0,,
112521,0,,
112522,0,,
112523,0,,
112524,0,,
112601,0,,
112602,0,,
112603,0,,
112604,0,,
112605,0,,
112606,0,,
112607,0,,
112608,0,,
112609,0,,
112610,0,,
112611,0,,
112612,0,,
112613,0,,
112614,0,,
112615,0,,
112616,0,,
112617,0,,
112618,0,,
112619,0,,
112620,0,,
112621,0,,
112622,0,,
112623,0,,
112624,0,,
112701,0,,
112702,0,,
112703,0,,
112704,0,,
112705,0,,
112706,0,,
112707,0,,
112708,0,,
112709,0,,
112710,0,,
112711,0,,
112712,0,,
112713,0,,
112714,0,,
112715,0,,
112716,0,,
112717,0,,
112718,0,,
112719,0,,
112720,0,,
112721,0,,
112722,0,,
112723,0,,
112724,0,,
112801,0,,
112802,0,,
112803,0,,
112804,0,,
112805,0,,
112806,0,,
112807,0,,
112808,0,,
112809,0,,
112810,0,,
112811,0,,
112812,0,,
112813,0,,
112814,0,,
112815,0,,
112816,0,,
112817,0,,
112818,0,,
112819,0,,
112820,0,,
112821,0,,
112822,0,,
112823,0,,
112824,0,,
112901,0,,
112902,0,,
112903,0,,
112904,0,,
112905,0,,
112906,0,,
112907,0,,
112908,0,,
112909,0,,
112910,0,,
112911,0,,
112912,0,,
112913,0,,
112914,0,,
112915,0,,
112916,0,,
112917,0,,
112918,0,,
112919,0,,
112920,0,,
112921,0,,
112922,0,,
112923,0,,
112924,0,,
113001,0,,
113002,0,,
113003,0,,
113004,0,,
113005,0,,
113006,0,,
113007,0,,
113008,0,,
113009,0,,
113010,0,,
113011,0,,
113012,0,,
113013,0,,
113014,0,,
113015,0,,
113016,0,,
113017,0,,
113018,0,,
113019,0,,
113020,0,,
113021,0,,
113022,0,,
113023,0,,
113024,0,,
120101,0,,
120102,0,,
120103,0,,
120104,0,,
120105,0,,
120106,0,,
120107,0,,
120108,0,,
120109,0,,
120110,0,,
120111,0,,
120112,0,,
120113,0,,
120114,0,,
120115,0,,
120116,0,,
120117,0,,
120118,0,,
120119,0,,
120120,0,,
120121,0,,
120122,0,,
120123,0,,
120124,0,,
120201,0,,
120202,0,,
120203,0,,
120204,0,,
120205,0,,
120206,0,,
120207,0,,
120208,0,,
120209,0,,
120210,0,,
120211,0,,
120212,0,,
120213,0,,
120214,0,,
120215,0,,
120216,0,,
120217,0,,
120218,0,,
120219,0,,
120220,0,,
120221,0,,
120222,0,,
120223,0,,
120224,0,,
120301,0,,
120302,0,,
120303,0,,
120304,0,,
120305,0,,
120306,0,,
120307,0,,
120308,0,,
120309,0,,
120310,0,,
120311,0,,
120312,0,,
120313,0,,
120314,0,,
120315,0,,
120316,0,,
120317,0,,
120318,0,,
120319,0,,
120320,0,,
120321,0,,
120322,0,,
120323,0,,
120324,0,,
120401,0,,
120402,0,,
120403,0,,
120404,0,,
120405,0,,
120406,0,,
120407,0,,
120408,0,,
120409,0,,
120410,0,,
120411,0,,
120412,0,,
120413,0,,
120414,0,,
120415,0,,
120416,0,,
120417,0,,
120418,0,,
120419,0,,
120420,0,,
120421,0,,
120422,0,,
120423,0,,
120424,0,,
120501,0,,
120502,0,,
120503,0,,
120504,0,,
120505,0,,
120506,0,,
120507,0,,
120508,0,,
120509,0,,
120510,0,,
120511,0,,
120512,0,,
120513,0,,
120514,0,,
120515,0,,
120516,0,,
120517,0,,
120518,0,,
120519,0,,
120520,0,,
120521,0,,
120522,0,,
120523,0,,
120524,0,,
120601,0,,
120602,0,,
120603,0,,
120604,0,,
120605,0,,
120606,0,,
120607,0,,
120608,0,,
120609,0,,
120610,0,,
120611,0,,
120612,0,,
120613,0,,
120614,0,,
120615,0,,
120616,0,,
120617,0,,
120618,0,,
120619,0,,
120620,0,,
120621,0,,
120622,0,,
120623,0,,
120624,0,,
120701,0,,
120702,0,,
120703,0,,
120704,0,,
120705,0,,
120706,0,,
120707,0,,
120708,0,,
120709,0,,
120710,0,,
120711,0,,
120712,0,,
120713,0,,
120714,0,,
120715,0,,
120716,0,,
120717,0,,
120718,0,,
120719,0,,
120720,0,,
120721,0,,
120722,0,,
120723,0,,
120724,0,,
120801,0,,
120802,0,,
120803,0,,
120804,0,,
120805,0,,
120806,0,,
120807,0,,
120808,0,,
120809,0,,
120810,0,,
120811,0,,
120812,0,,
120813,0,,
120814,0,,
120815,0,,
120816,0,,
120817,0,,
120818,0,,
120819,0,,
120820,0,,
120821,0,,
120822,0,,
120823,0,,
120824,0,,
120901,0,,
120902,0,,
120903,0,,
120904,0,,
120905,0,,
120906,0,,
120907,0,,
120908,0,,
120909,0,,
120910,0,,
120911,0,,
120912,0,,
120913,0,,
120914,0,,
120915,0,,
120916,0,,
120917,0,,
120918,0,,
120919,0,,
120920,0,,
120921,0,,
120922,0,,
120923,0,,
120924,0,,
121001,0,,
121002,0,,
121003,0,,
121004,0,,
121005,0,,
121006,0,,
121007,0,,
121008,0,,
121009,0,,
121010,0,,
121011,0,,
121012,0,,
121013,0,,
121014,0,,
121015,0,,
121016,0,,
121017,0,,
121018,0,,
121019,0,,
121020,0,,
121021,0,,
121022,0,,
121023,0,,
121024,0,,
121101,0,,
121102,0,,
121103,0,,
121104,0,,
121105,0,,
121106,0,,
121107,0,,
121108,0,,
121109,0,,
121110,0,,
121111,0,,
121112,0,,
121113,0,,
121114,0,,
121115,0,,
121116,0,,
121117,0,,
121118,0,,
121119,0,,
121120,0,,
121121,0,,
121122,0,,
121123,0,,
121124,0,,
121201,0,,
121202,0,,
121203,0,,
121204,0,,
121205,0,,
121206,0,,
121207,0,,
121208,0,,
121209,0,,
121210,0,,
121211,0,,
121212,0,,
121213,0,,
121214,0,,
121215,0,,
121216,0,,
121217,0,,
121218,0,,
121219,0,,
121220,0,,
121221,0,,
121222,0,,
121223,0,,
121224,0,,
121301,0,,
121302,0,,
121303,0,,
121304,0,,
121305,0,,
121306,0,,
121307,0,,
121308,0,,
121309,0,,
121310,0,,
121311,0,,
121312,0,,
121313,0,,
121314,0,,
121315,0,,
121316,0,,
121317,0,,
121318,0,,
121319,0,,
121320,0,,
121321,0,,
121322,0,,
121323,0,,
121324,0,,
121401,0,,
121402,0,,
121403,0,,
121404,0,,
121405,0,,
121406,0,,
121407,0,,
121408,0,,
121409,0,,
121410,0,,
121411,0,,
121412,0,,
121413,0,,
121414,0,,
121415,0,,
121416,0,,
121417,0,,
121418,0,,
121419,0,,
121420,0,,
121421,0,,
121422,0,,
121423,0,,
121424,0,,
121501,0,,
121502,0,,
121503,0,,
121504,0,,
121505,0,,
121506,0,,
121507,0,,
121508,0,,
121509,0,,
121510,0,,
121511,0,,
121512,0,,
121513,0,,
121514,0,,
121515,0,,
121516,0,,
121517,0,,
121518,0,,
121519,0,,
121520,0,,
121521,0,,
121522,0,,
121523,0,,
121524,0,,
121601,0,,
121602,0,,
121603,0,,
121604,0,,
121605,0,,
121606,0,,
121607,0,,
121608,0,,
121609,0,,
121610,0,,
121611,0,,
121612,0,,
121613,0,,
121614,0,,
121615,0,,
121616,0,,
121617,0,,
121618,0,,
121619,0,,
121620,0,,
121621,0,,
121622,0,,
121623,0,,
121624,0,,
121701,0,,
121702,0,,
121703,0,,
121704,0,,
121705,0,,
121706,0,,
121707,0,,
121708,0,,
121709,0,,
121710,0,,
121711,0,,
121712,0,,
121713,0,,
121714,0,,
121715,0,,
121716,0,,
121717,0,,
121718,0,,
121719,0,,
121720,0,,
121721,0,,
121722,0,,
121723,0,,
121724,0,,
121801,0,,
121802,0,,
121803,0,,
121804,0,,
121805,0,,
121806,0,,
121807,0,,
121808,0,,
121809,0,,
121810,0,,
121811,0,,
121812,0,,
121813,0,,
121814,0,,
121815,0,,
121816,0,,
121817,0,,
121818,0,,
121819,0,,
121820,0,,
121821,0,,
121822,0,,
121823,0,,
121824,0,,
121901,0,,
121902,0,,
121903,0,,
121904,0,,
121905,0,,
121906,0,,
121907,0,,
121908,0,,
121909,0,,
121910,0,,
121911,0,,
121912,0,,
121913,0,,
121914,0,,
121915,0,,
121916,0,,
121917,0,,
121918,0,,
121919,0,,
121920,0,,
121921,0,,
121922,0,,
121923,0,,
121924,0,,
122001,0,,
122002,0,,
122003,0,,
122004,0,,
122005,0,,
122006,0,,
122007,0,,
122008,0,,
122009,0,,
122010,0,,
122011,0,,
122012,0,,
122013,0,,
122014,0,,
122015,0,,
122016,0,,
122017,0,,
122018,0,,
122019,0,,
122020,0,,
122021,0,,
122022,0,,
122023,0,,
122024,0,,
122101,0,,
122102,0,,
122103,0,,
122104,0,,
122105,0,,
122106,0,,
122107,0,,
122108,0,,
122109,0,,
122110,0,,
122111,0,,
122112,0,,
122113,0,,
122114,0,,
122115,0,,
122116,0,,
122117,0,,
122118,0,,
122119,0,,
122120,0,,
122121,0,,
122122,0,,
122123,0,,
122124,0,,
122201,0,,
122202,0,,
122203,0,,
122204,0,,
122205,0,,
122206,0,,
122207,0,,
122208,0,,
122209,0,,
122210,0,,
122211,0,,
122212,0,,
122213,0,,
122214,0,,
122215,0,,
122216,0,,
122217,0,,
122218,0,,
122219,0,,
122220,0,,
122221,0,,
122222,0,,
122223,0,,
122224,0,,
122301,0,,
122302,0,,
122303,0,,
122304,0,,
122305,0,,
122306,0,,
122307,0,,
122308,0,,
122309,0,,
122310,0,,
122311,0,,
122312,0,,
122313,0,,
122314,0,,
122315,0,,
122316,0,,
122317,0,,
122318,0,,
122319,0,,
122320,0,,
122321,0,,
122322,0,,
122323,0,,
122324,0,,
122401,0,,
122402,0,,
122403,0,,
122404,0,,
122405,0,,
122406,0,,
122407,0,,
122408,0,,
122409,0,,
122410,0,,
122411,0,,
122412,0,,
122413,0,,
122414,0,,
122415,0,,
122416,0,,
122417,0,,
122418,0,,
122419,0,,
122420,0,,
122421,0,,
122422,0,,
122423,0,,
122424,0,,
122501,0,,
122502,0,,
122503,0,,
122504,0,,
122505,0,,
122506,0,,
122507,0,,
122508,0,,
122509,0,,
122510,0,,
122511,0,,
122512,0,,
122513,0,,
122514,0,,
122515,0,,
122516,0,,
122517,0,,
122518,0,,
122519,0,,
122520,0,,
122521,0,,
122522,0,,
122523,0,,
122524,0,,
122601,0,,
122602,0,,
122603,0,,
122604,0,,
122605,0,,
122606,0,,
122607,0,,
122608,0,,
122609,0,,
122610,0,,
122611,0,,
122612,0,,
122613,0,,
122614,0,,
122615,0,,
122616,0,,
122617,0,,
122618,0,,
122619,0,,
122620,0,,
122621,0,,
122622,0,,
122623,0,,
122624,0,,
122701,0,,
122702,0,,
122703,0,,
122704,0,,
122705,0,,
122706,0,,
122707,0,,
122708,0,,
122709,0,,
122710,0,,
122711,0,,
122712,0,,
122713,0,,
122714,0,,
122715,0,,
122716,0,,
122717,0,,
122718,0,,
122719,0,,
122720,0,,
122721,0,,
122722,0,,
122723,0,,
122724,0,,
122801,0,,
122802,0,,
122803,0,,
122804,0,,
122805,0,,
122806,0,,
122807,0,,
122808,0,,
122809,0,,
122810,0,,
122811,0,,
122812,0,,
122813,0,,
122814,0,,
122815,0,,
122816,0,,
122817,0,,
122818,0,,
122819,0,,
122820,0,,
122821,0,,
122822,0,,
122823,0,,
122824,0,,
122901,0,,
122902,0,,
122903,0,,
122904,0,,
122905,0,,
122906,0,,
122907,0,,
122908,0,,
122909,0,,
122910,0,,
122911,0,,
122912,0,,
122913,0,,
122914,0,,
122915,0,,
122916,0,,
122917,0,,
122918,0,,
122919,0,,
122920,0,,
122921,0,,
122922,0,,
122923,0,,
122924,0,,
123001,0,,
123002,0,,
123003,0,,
123004,0,,
123005,0,,
123006,0,,
123007,0,,
123008,0,,
123009,0,,
123010,0,,
123011,0,,
123012,0,,
123013,0,,
123014,0,,
123015,0,,
123016,0,,
123017,0,,
123018,0,,
123019,0,,
123020,0,,
123021,0,,
123022,0,,
123023,0,,
123024,0,,
123101,0,,
123102,0,,
123103,0,,
123104,0,,
123105,0,,
123106,0,,
123107,0,,
123108,0,,
123109,0,,
123110,0,,
123111,0,,
123112,0,,
123113,0,,
123114,0,,
123115,0,,
123116,0,,
123117,0,,
123118,0,,
123119,0,,
123120,0,,
123121,0,,
123122,0,,
123123,0,,
123124,0,,
